3.812874150972e+00,5.885779195320e-01
-1.857782332022e+00,2.118364224596e+00
-2.038919706158e+00,1.804114258244e+00
2.364428477486e+00,-7.902380115883e-01
4.548428181849e-01,-9.521994298837e-01
6.137095809088e+00,3.784537061452e+00
5.655023107344e+00,1.359635565843e+00
-3.910350440248e+00,1.230960092907e+00
-2.604762034706e+00,2.297891956312e+00
-2.542661754633e+00,1.062271138041e+00
5.256448612099e+00,3.527244232919e+00
-2.067416112441e+00,2.012737595781e+00
2.838239756387e+00,-8.610689045522e-01
6.428477289404e+00,5.820423405403e+00
4.415903607271e+00,8.822865219211e-01
1.862008323069e+00,3.771901602268e+00
6.433240348541e+00,1.888620432718e+00
6.041545279015e+00,4.648885113858e+00
-2.678959704212e+00,8.254225378608e-01
4.109757825930e+00,3.048507429668e+00
6.400070910905e+00,4.633954955925e+00
1.335102783582e+00,1.292331687486e+00
5.501400228653e+00,1.894360923440e+00
5.976305837963e+00,3.925150912525e+00
1.783199702222e-01,-9.859005764396e-02
7.860784348992e+00,4.748501256674e+00
-2.318763917589e-01,-4.466346411880e-01
-1.287807011284e+00,-3.549475554992e-01
4.147320390088e+00,-8.070762331815e-01
-4.532322415919e-01,2.679114076140e-01
5.580964914260e+00,4.969274872188e+00
-4.240978179627e-01,-2.603304522553e-01
-1.051705673688e+00,1.872487036568e+00
1.869275025749e+00,-8.645698854881e-01
-2.094063984339e+00,3.240500055285e+00
-1.588163276818e+00,3.168967321694e+00
1.974816863862e+00,-9.958753788184e-02
6.150828415678e+00,4.701984697514e+00
5.007595222206e-01,2.938482216937e-01
4.067671468658e+00,2.580952067870e+00
4.628987966282e+00,-1.444038166428e-01
4.692532111598e+00,-1.518380990522e-03
2.489091781432e+00,6.074707669574e+00
2.019539923321e+00,5.399693456611e+00
1.194012113081e+00,1.913387123407e+00
-6.925879829084e-02,5.889657700616e-01
-2.870438552464e-01,2.172927993372e-02
6.574213269203e+00,5.655132779724e+00
-1.712982092342e+00,1.563223661582e+00
-3.023054545426e+00,2.434018494074e+00
5.547699272144e+00,4.051355348283e+00
5.342863366640e-01,3.785669132075e+00
4.532063660649e+00,4.192422743771e+00
6.650159790100e+00,4.336668527547e+00
7.031351126468e-01,1.765138712033e+00
5.095688174442e+00,4.358224024627e+00
6.847324094031e+00,5.698318129763e+00
-2.086261938486e+00,1.991255920048e+00
-1.442017662163e+00,1.243494463150e+00
1.083992161439e-01,3.543294660329e+00
-1.505101680476e+00,2.457800385861e+00
-1.070004010454e+00,2.647508079802e+00
-1.835808609421e+00,2.086365658031e+00
7.566222208094e-03,4.093941543468e-01
6.679976982995e-01,1.050691646024e+00
5.065392952022e+00,3.674104222742e+00
4.020175373842e+00,8.856504828488e-01
5.419028508065e+00,4.589468391267e+00
4.429012389736e+00,9.807970907614e-01
-1.688393053761e+00,2.528077791558e+00
-9.799687704568e-01,1.564157387846e+00
1.133214589553e+00,8.957533331284e-01
3.491052820916e+00,-1.121301790058e+00
1.709010228709e+00,5.354397345944e+00
4.108711578878e+00,-2.484948537793e-01
-2.290018991557e+00,2.703345070497e+00
-3.324596909567e+00,1.633947567324e+00
-2.431330193305e-01,2.989397016313e+00
5.916349556047e+00,5.353660138510e+00
-1.346456685950e+00,1.152165268398e+00
1.369292587560e+00,5.862846465017e+00
6.810065137363e+00,4.623594870652e+00
5.674546976260e+00,3.612030374371e+00
5.769040238279e+00,3.473801571322e+00
5.450881655492e+00,4.298931822366e+00
4.687265514342e+00,3.117978959533e+00
2.963510631609e-01,-2.920034833516e-01
5.339756756939e+00,3.112812345848e+00
5.084050880952e+00,7.759292176427e-01
7.827745317746e+00,6.131959526667e+00
-5.486286003613e-01,-1.437829217153e-01
-1.362439431922e+00,-1.475043309990e+00
7.898319044102e+00,3.902538806336e+00
-3.443501091227e-01,-9.814588255692e-01
-2.562051121026e+00,3.403853125806e+00
5.115632606193e+00,2.423318506716e+00
4.622780196003e-01,1.340305342402e-01
6.859495004827e-01,-6.012166101345e-02
5.878697400882e+00,4.070198287178e+00
-1.223904963116e+00,2.680965500967e-02
-2.515610708629e+00,1.575407577704e+00
-1.088951561226e+00,2.380491798965e-01
-1.570583235369e+00,2.587590252610e+00
4.549721702631e+00,2.165600629535e+00
5.155849659006e+00,2.640976387033e-01
-4.991040529658e-01,-1.958059732569e-02
5.259527131450e-01,-1.926146555015e-01
6.171911186175e+00,4.701722049440e+00
4.961895424148e+00,3.892526202564e+00
-2.562633812803e+00,2.476915303357e+00
5.192318981448e+00,4.945539032661e+00
-1.565961186416e+00,3.123081437982e+00
5.487037257285e+00,4.530677507017e+00
5.678720908544e+00,3.601736739995e+00
6.083249316029e+00,4.932892436838e+00
6.572956548592e-01,2.215635904762e+00
5.732825370456e+00,3.961718242810e+00
1.361258066765e-01,6.772403198692e-01
-2.137260313357e+00,1.363633219464e+00
5.312878145977e+00,4.151199131725e+00
-1.143998649433e+00,-1.039399902614e+00
-3.947337873490e+00,1.460013916870e+00
8.141568827974e-01,4.613191254082e+00
-1.920796282087e+00,1.866291377256e+00
4.659365198165e-01,-1.294442869775e+00
6.530786477248e+00,4.028030835334e+00
2.488191528563e-01,-1.199698807940e+00
-2.042705346989e+00,9.532835887621e-01
2.157097362298e-01,4.472066377455e+00
7.134055962876e+00,4.605155053926e+00
7.480434177834e+00,4.296821019716e+00
5.172900610764e+00,1.059107399335e+00
-2.611514097593e+00,2.278102114388e+00
4.870010206120e-01,4.429490266843e+00
5.053464934615e+00,1.491615048961e-02
-1.934246075308e+00,2.333021545203e+00
1.119503738474e+00,4.199138501014e+00
5.944989468354e+00,5.104117984845e+00
2.053751769969e+00,4.944509987709e+00
8.705641309293e+00,7.121556200424e+00
5.022172743043e+00,2.768453083760e+00
1.648291683662e+00,1.347308341779e+00
3.190347100326e+00,3.574228584499e-01
4.811656610025e+00,8.571403131022e-01
7.066141990918e-01,1.167431061190e+00
7.374820760277e+00,4.541381143009e+00
9.634569172482e-01,4.728090663341e+00
4.993031394495e+00,-6.751278545619e-01
5.738303232561e+00,5.073630804025e+00
-2.006710691963e+00,2.392546549266e+00
-2.497992082525e+00,2.140049152486e+00
-1.422742084831e+00,1.769606976721e+00
-7.755047781914e-02,2.336853926239e-01
9.797443062676e-01,5.206965580558e+00
3.048979450867e+00,-4.952024498925e-02
6.076119864923e+00,5.224151841795e+00
-9.592614689078e-01,2.373975332265e+00
9.646342203283e-01,7.586090049978e-01
-2.246952909994e-02,4.446647370664e+00
3.309132520784e+00,-1.553127120302e+00
-1.816583966474e+00,2.718224228859e+00
2.684547170006e+00,-2.015211755961e+00
4.946972221959e+00,6.589866277755e-01
1.366851098658e+00,-5.433176771341e-01
5.618711195473e+00,2.172551817978e+00
1.021504563343e+00,7.066318245460e-01
-3.827023743113e-01,2.156035009658e+00
7.311814317483e+00,5.694456245225e+00
5.556923185329e+00,5.657370257226e+00
6.101244203686e-01,1.817469763535e+00
8.631453212898e+00,6.426657063265e+00
1.542988024102e+00,5.321216476884e+00
8.808139838826e-01,6.406145300694e-01
-2.693570380740e-02,-4.982385486588e-01
-1.060525687727e+00,2.671408783097e+00
-2.006257739927e+00,1.345551520777e+00
4.526495108891e+00,-4.899559664722e-01
4.657378697874e+00,1.534378582185e-01
2.716500425249e+00,1.737436802655e+00
-1.830500694617e-01,-1.210967281125e+00
6.850038167221e+00,5.341432162940e+00
4.097255582320e+00,-1.976091444919e-01
8.206972822196e+00,5.472464577632e+00
-2.595745825531e+00,1.309044199714e+00
3.058486968574e-01,8.372532892132e-01
9.435318301550e-01,-5.115657699172e-01
-7.081008970916e-01,-1.207631223606e+00
-1.807358956298e+00,1.687320334197e+00
5.838997694770e+00,3.523202061795e+00
-5.596472442485e-01,1.624800364463e-01
-6.495406982057e-01,5.555389884512e-02
1.829923623968e-02,-2.956712816022e-01
-2.204283383517e+00,1.918296263718e+00
-8.560999953163e-01,-2.383994211346e-01
6.846259831805e+00,4.385227270310e+00
5.077563028677e+00,-4.312976582319e-01
-7.264423777149e-01,-9.755406152724e-01
-2.059140606805e+00,2.623161823030e+00
3.682957905916e-02,9.600949932639e-01
-1.062036189545e+00,1.913355514886e+00
6.783885479629e+00,3.456707010845e+00
3.779802216275e+00,-5.456625435041e-01
4.060369259514e+00,1.832550746311e-01
-2.077779515330e+00,1.305911094031e+00
-1.120414792144e+00,3.247970483063e+00
6.267623677917e+00,2.568674890206e+00
1.636942288422e-01,4.188324831169e+00
-6.025659674001e-01,-1.133083497299e+00
4.773441685832e+00,3.987400625585e+00
-1.290759245178e-01,-2.132674007824e-01
6.155797815199e+00,6.024368721126e+00
1.622770216742e+00,6.005088147536e+00
-1.563171613701e+00,2.243609022489e+00
5.212949223896e+00,5.599177528028e-01
-2.337126675360e+00,2.535815183025e+00
4.268522801565e-01,-5.900476374826e-01
5.479100145457e+00,2.658301712226e+00
4.430637881614e+00,7.039000874386e-02
5.569325976451e+00,4.548662013542e+00
-6.173620084165e-01,-1.613172293586e+00
4.893015476340e-01,4.267430500728e+00
6.130861719698e+00,5.369114152097e+00
6.025310322601e+00,5.552959570692e+00
5.433400123679e+00,4.570764480303e+00
7.436555021836e+00,5.453573917133e+00
-4.294913052755e-01,-7.265693456531e-01
6.563062962662e+00,4.475867097041e+00
5.671636693625e+00,4.219689312509e+00
4.896622952084e+00,1.453043025077e+00
5.086101699347e+00,1.429965502816e+00
-1.023536592122e-01,-1.268917926807e-02
2.190319638908e+00,5.479935713427e+00
5.739681067891e+00,5.092039778850e+00
3.613130645093e+00,5.678996105889e-03
-1.679274986187e+00,1.793764837252e+00
4.664345670791e-01,6.632294398516e-01
6.683508351686e+00,5.789603702599e+00
-7.123881217955e-01,2.064625855349e-01
6.080059344366e+00,6.305408150562e+00
3.863129610010e+00,-5.786549223380e-01
-2.200525530053e+00,1.589580999193e+00
3.295043960693e+00,-1.673639478775e+00
6.248736461066e+00,5.580207533129e+00
4.272009755507e+00,-4.756360225362e-01
1.554882534018e+00,-1.619144632951e+00
4.179752916045e+00,-5.139101400141e-01
-4.997117248680e-02,4.020492430391e-01
4.109270814539e+00,-1.170726783267e+00
-2.323961202214e+00,1.497395898373e+00
4.343924319841e+00,1.274521411330e+00
6.875149410072e+00,4.769627391723e+00
3.267843858458e+00,3.903999680987e-01
4.690349004413e+00,1.139794938794e+00
1.198667658738e+00,7.081007438450e-01
1.534377750951e+00,5.950522408677e-01
5.340787935448e+00,1.533545289604e+00
5.837371365169e+00,1.381889410563e+00
5.416228843101e+00,3.876787531135e+00
5.281595622997e+00,4.751491291725e-01
6.564394522659e+00,6.834147509397e+00
-1.341526244326e+00,1.928406206152e+00
-1.984324641509e+00,3.062681376095e+00
-5.789853385300e-01,3.087831300749e+00
6.625077539921e+00,6.027624490749e+00
7.441712899884e+00,4.646052038096e+00
-3.602628813683e-01,1.152414289517e+00
3.778406619504e+00,-1.307886268310e+00
3.897090806035e+00,2.632044697909e-01
-2.003921783100e+00,2.869306432472e+00
4.966598794844e+00,1.231449500929e-01
5.686502213923e+00,4.097810271139e+00
2.673615629082e+00,5.438922511177e+00
1.333771779526e+00,5.822591787196e+00
4.912665614816e+00,1.192395364234e+00
2.988693392229e+00,6.420655205340e+00
1.173932772267e+00,2.977165915358e-01
-7.879887542077e-01,-1.255120134994e+00
6.463019633748e+00,5.674181703303e+00
1.486005072970e+00,4.446657770491e+00
5.158565171027e+00,4.577260167482e+00
-4.576899805988e-01,-9.282337275545e-01
6.514953665898e+00,4.237129068904e+00
3.679702783334e+00,-1.095181100672e+00
-7.525781094270e-01,-6.753873110383e-02
3.604537069982e+00,1.381458673494e+00
-1.653036827702e+00,1.701780073226e+00
-5.684943833656e-02,-1.215780500476e-02
5.872483785967e+00,4.179359931288e+00
-4.918393868188e-01,6.801247816367e-01
4.463295546154e+00,3.074159170192e+00
3.642430009565e+00,3.188527377992e-02
1.466579698912e+00,6.339547733107e-01
4.795599422340e+00,3.098616619624e+00
7.264908804544e+00,6.475008737255e+00
-1.767231893854e-01,-5.963070417197e-01
-1.918168828852e+00,2.502485084151e+00
4.072057755675e+00,9.766792301256e-01
5.975199185122e+00,3.272532269429e+00
1.476089248856e+00,9.245273757495e-01
-2.436140362874e-01,-6.194997254258e-01
-1.946436319048e+00,2.316232219198e+00
6.143512276911e+00,4.950218372016e+00
-8.548537005484e-01,3.207753653533e+00
-2.726598679713e+00,1.827163807699e+00
6.371928338576e+00,5.370004496950e+00
4.714456186566e+00,1.295287270799e+00
1.661524350699e+00,5.370133997008e+00
4.576660502711e+00,1.294741462270e+00
5.192236487908e+00,3.484781227138e+00
4.315109307727e+00,-6.999962954192e-02
5.747557052343e-01,-4.317810590001e-01
-2.834937409818e+00,2.355559416766e+00
3.396151777463e+00,-2.076437413753e-01
3.816111910853e+00,2.315774954670e+00
5.809196733412e-01,5.112448246645e-01
-4.430847310269e-01,-4.792738367745e-01
6.224412969687e+00,1.624520953177e+00
5.891163662391e+00,4.023870339934e+00
-1.748012544149e+00,2.636147998376e+00
2.448983212100e+00,6.407183068911e+00
5.192214609421e+00,4.590419900677e+00
4.471018147164e+00,2.892634120886e+00
6.018532052994e+00,1.528718298198e+00
5.666677046109e-01,-1.002149270851e+00
3.306994797295e+00,4.430090218473e-02
-1.468997554472e+00,2.500711039214e+00
-2.061332596389e+00,2.589130479852e+00
8.937040998700e+00,7.782493681660e+00
5.520560618403e+00,1.395212892094e+00
6.449216893061e+00,4.779997951206e+00
-2.507248355434e+00,1.610529269087e+00
-3.132081610281e-01,-2.126838042774e-01
-2.499780981198e+00,1.073437086300e+00
5.309171036352e+00,1.372631371941e+00
2.942431490858e+00,1.309451830725e-01
-2.435789807545e-01,6.503985163390e-01
3.841991777740e+00,-1.191438688041e-01
-2.615985816544e+00,1.709834384472e+00
3.799471656461e+00,1.695042692439e+00
5.055399809102e+00,3.757961351377e+00
-1.380913621337e+00,1.279004821090e+00
2.166774332698e-01,-1.489653580791e+00
-2.216982412875e+00,2.717710178061e+00
4.322541406580e+00,4.224451813819e-01
-2.640739446824e+00,1.347361934197e+00
6.743171352584e+00,5.798738934642e+00
3.874776086442e+00,3.057181141432e+00
3.321232354668e+00,-6.475982750428e-01
7.377311915538e+00,5.975140630418e+00
7.295574147442e+00,3.897712498813e+00
9.534463813826e-01,2.961712876528e-01
4.279584811165e+00,1.494253067317e-01
5.947092400947e+00,5.018778436964e+00
3.795039917797e+00,1.045234295782e+00
-2.451497725630e+00,1.368165119270e+00
2.201736259800e+00,-1.725049458591e+00
1.208936452164e+00,1.576451273007e+00
-2.731632976448e+00,2.829373064599e-01
5.273711820282e+00,3.671357859254e+00
6.565528226625e+00,4.679301086226e+00
-2.293787337123e-02,4.272416665803e+00
4.763194287865e+00,-1.767817387163e-02
2.009512663044e+00,5.048952004753e+00
1.793694858493e+00,3.641399425257e+00
-7.037681346561e-01,-1.158287335532e+00
7.137087342003e+00,4.398858577004e+00
4.582240772884e+00,4.585300446558e+00
5.297337866445e-01,-4.072358745690e-01
9.793152359428e-01,3.201140289552e-01
4.646341380088e+00,8.969181125059e-01
3.696090152625e+00,8.048912234026e-01
3.348714173074e+00,3.152095245243e-01
5.577826858325e+00,3.856280213002e+00
7.217940224943e+00,5.432403296550e+00
-1.955083368565e+00,1.755368837072e+00
5.836992957907e+00,2.830160815063e+00
4.652512460277e+00,-1.714404406413e-01
1.606741187854e+00,1.693494732317e+00
1.652869506448e+00,4.509381645562e+00
6.722242661529e+00,5.117308474511e+00
6.926859422769e+00,6.105346488798e+00
2.262386216404e+00,5.316716276521e+00
-1.170771934311e+00,-1.427227918562e+00
-3.429267403073e+00,1.092345617387e+00
5.162611141488e+00,3.973512911322e+00
-2.368211415812e+00,1.935711932840e+00
6.656634377095e+00,6.278657524096e+00
5.277258604329e+00,6.394495719125e-01
-1.151373969617e+00,1.898502866751e+00
-5.617929022469e-01,-4.719282280367e-01
-1.996045424195e+00,1.967327204892e+00
4.693104437139e-01,-4.049817900078e-01
2.966461493658e-01,1.486406046133e+00
6.319489662325e+00,5.293450735766e+00
6.632893310340e+00,5.549416581962e+00
2.651245142990e+00,6.192164282395e+00
4.290990017684e+00,3.227006769646e+00
-2.581114667885e-01,-6.072338172490e-03
4.837158011932e-02,1.258441715199e+00
-2.018721055734e+00,-2.452587345522e+00
-4.004581611542e-01,-1.218720213214e-01
7.420505914320e+00,5.791965052453e+00
-1.190686380566e+00,2.586947554700e+00
7.445993874652e+00,6.176609711610e+00
5.740863000514e+00,4.545587278709e+00
1.664190457628e+00,4.527194864464e+00
5.477325108477e+00,4.703220910100e+00
5.715811292155e+00,4.100128981365e+00
2.768330003123e+00,-8.644271391090e-01
1.266150346626e+00,1.099735405776e+00
6.208805671363e+00,5.257750700990e+00
-2.185841799733e+00,1.667494476307e+00
5.308093685200e+00,4.489981704561e+00
5.494548586616e+00,5.755061571627e+00
4.685893247522e+00,8.164837679240e-02
5.723311565347e-01,-6.839624714592e-01
7.378172879262e+00,5.312028170446e+00
4.500849546005e+00,4.658726148298e+00
6.649421141311e+00,5.569429520620e+00
1.695477338597e+00,4.895499146393e+00
-3.947015515903e-01,2.387878797866e-01
5.410231281896e+00,4.139163345564e+00
1.558559581968e+00,5.383865070538e+00
2.750516361589e+00,4.944488978323e+00
4.960264346383e+00,5.370014293486e+00
4.063476744295e+00,4.064863131524e-01
1.814132357744e-01,-4.687370190487e-01
6.180833463465e+00,2.019434519580e+00
5.964892138749e-01,4.754929887612e+00
4.911370018390e+00,8.311142975093e-01
-1.811186242297e+00,1.554986376988e+00
7.080605137087e+00,4.954517240277e+00
5.468313790524e+00,1.320612164847e+00
4.986766435466e+00,4.323287874911e+00
-1.719988109088e+00,-1.505674239326e+00
6.216959673925e-01,1.648530211232e-01
6.241211630261e-01,5.758226437578e+00
6.618030665514e+00,2.945281114689e+00
1.218759717893e+00,1.988658583538e+00
-1.345443194436e+00,1.586988098838e+00
-1.886623674816e+00,3.182104297246e+00
-1.467780809742e+00,3.377700820599e+00
-7.624962688482e-01,-1.278576474141e-01
6.217098025033e+00,4.717873153739e+00
5.032879808061e+00,2.211602641648e+00
-3.920990851035e-01,-1.000388475831e+00
6.854692981010e+00,5.948533589988e+00
6.230271158238e+00,5.796621301600e-01
6.901322944439e+00,3.724128086469e+00
-2.970762582001e+00,1.383172959895e+00
3.197551693684e+00,3.257259152286e+00
5.402383048280e+00,1.613169069245e+00
6.019555617181e-01,1.298677876757e+00
1.059312254626e+00,3.889953704513e+00
-2.426070447869e+00,-1.001030298709e+00
-1.599652360649e+00,2.421688783151e+00
8.552862299518e-01,-7.021739999375e-02
4.528948766261e+00,6.404874313980e-01
2.512391160705e+00,-1.146193743529e+00
-2.187707208947e+00,2.442120251024e+00
-3.933435427356e-01,3.079872174196e-01
3.420170061734e-01,1.169368874499e-01
3.046271676143e+00,1.719553918013e-01
5.437665661229e+00,2.983865484524e+00
7.220088444235e+00,5.750570563910e+00
5.393911153029e+00,5.302553910980e-01
5.810969477777e+00,4.156299129987e+00
3.311333236067e+00,2.693283728766e+00
2.930257625709e-01,1.825082274959e+00
-1.490946964226e+00,2.713302723633e+00
-2.213692016428e+00,9.859449910384e-01
1.686470810643e+00,5.769571501342e+00
-1.756582406407e+00,2.402764150109e+00
6.641661626139e+00,4.523908094645e+00
2.686036114414e+00,5.169272422967e+00
-3.084690943698e+00,1.401124782772e+00
-1.224902329559e+00,3.901207237949e-01
-2.238195413989e+00,1.993904133963e+00
-1.962800757342e+00,2.369697252556e+00
-1.367972648594e+00,2.907514057116e+00
-2.352374279963e+00,1.048413026350e+00
7.988061407651e-01,5.586805221105e+00
6.504364033124e+00,4.798563637789e+00
1.102558706460e+00,3.891503346737e+00
6.599668095193e+00,4.679494581348e+00
7.051543664106e+00,4.620911938591e+00
1.274143024683e+00,-1.626629584771e-01
4.535840799908e+00,9.690132510129e-01
5.507778206676e+00,8.288960268512e-02
-1.842184730154e+00,2.666175740201e+00
6.076424243338e+00,5.062453832079e+00
6.031350194391e+00,4.387479135994e+00
9.515530983027e+00,6.886799162465e+00
7.845636475597e-01,4.372280998658e+00
3.151591358376e+00,-1.414292883505e+00
6.094846684102e-01,1.231488301053e-01
2.408807487540e+00,5.427741692833e+00
2.811352826189e-01,4.811068913364e+00
-1.200358883472e+00,-6.162091562230e-01
-7.473946003788e-02,-2.797509248307e-01
-1.982750745988e+00,1.666831345492e+00
6.109861662675e+00,1.364087809108e+00
-1.831901343802e+00,1.936482711672e+00
-2.031960207473e+00,-5.251406746756e-01
6.508305751530e+00,4.306253855752e+00
-1.513412945981e+00,1.146197104809e+00
5.007023207295e+00,6.262797846563e-01
-2.456015313141e-01,3.025746806158e+00
6.414436929525e+00,4.042365326516e+00
-8.502348491998e-01,2.533485753861e+00
5.216991111529e+00,3.318389671590e+00
4.529212935095e+00,-2.379986665805e-01
2.659910558981e-01,-8.373128640923e-01
6.459396410885e+00,3.052567840490e+00
-2.212218587871e+00,2.310827240535e+00
-1.952189964577e+00,2.098527551842e+00
5.952414838955e+00,5.441033102662e+00
-1.163018773271e+00,2.235663605415e+00
-9.035050082675e-01,-1.029664220771e+00
-5.686941658321e-01,-3.385478640806e-01
-2.415271702323e+00,3.413369460523e+00
6.285113992557e+00,4.354483851527e+00
3.842815318594e+00,-2.914757979741e-01
4.460863006843e+00,2.191564427709e-01
-2.092183138761e-01,7.160642182527e-01
-1.488203607199e+00,-1.558350798987e+00
6.998551879752e+00,7.180674461791e+00
1.023371719204e+00,8.235932680608e-01
3.278769329094e+00,2.617041643470e+00
-1.607650631123e+00,2.711541719071e+00
-1.559567725308e+00,7.613452500035e-01
-1.892338250866e+00,2.151041166893e+00
1.615280092712e+00,2.194497297267e-01
1.876309079792e+00,6.331731443008e+00
-2.089867527215e+00,1.556851443955e+00
-1.555973827648e+00,3.508950908376e+00
-3.068958561953e+00,2.197546190752e+00
1.663273287194e+00,4.583522128029e+00
2.699195785299e-01,4.341126052531e+00
3.716502186558e+00,2.986479275590e+00
5.439916167737e+00,3.633112244846e+00
6.166977429422e+00,4.174811638265e+00
6.564617759609e+00,5.435048422687e+00
-5.710755787362e-01,2.101295472828e+00
5.344949611643e+00,5.142859032243e-01
-1.454260313156e+00,2.401864895596e+00
4.940011787892e+00,1.030331595490e+00
2.117651901079e+00,1.228419362514e+00
-1.876593582896e+00,2.501799793883e+00
2.886969173603e+00,1.610378590901e-01
-2.169571599996e+00,2.758751201550e+00
7.316019792039e+00,5.209494554040e+00
-1.879440214194e+00,1.923118657870e+00
5.227795863555e+00,4.157042525273e+00
5.515180466417e+00,4.853871103905e+00
4.584007947749e+00,8.911464449400e-01
-1.200935580773e+00,2.353657340483e+00
5.542923319015e+00,5.621312872014e+00
4.148302939166e+00,-2.266109627326e-01
4.264185929376e-03,4.167730986497e+00
-1.858464056919e+00,-1.341383968543e+00
4.811588531280e+00,4.401060307485e+00
-1.042336686513e+00,-7.544929611915e-02
-2.233017587224e+00,2.235655928242e+00
6.254210042659e+00,3.648840308354e+00
-9.573683765314e-01,2.820064563597e+00
9.760062386063e-01,5.333527514061e+00
5.033360165725e+00,3.078507817356e+00
5.402291684881e+00,4.324084759985e+00
4.402804694795e+00,-4.031099992741e-01
-1.788674484814e+00,2.041952973962e+00
4.634816614731e+00,5.057877313988e-01
1.472389464666e+00,7.134683107970e-01
5.439980904930e+00,5.399352469784e+00
-1.410856425160e+00,1.746113019769e+00
6.151248974172e+00,3.021318121841e-02
-2.301116385825e+00,1.306843904439e+00
-2.668734219466e+00,2.002828973277e+00
-9.815639047556e-01,-2.146892095277e+00
2.392467703783e-02,-8.160098782633e-02
7.060564907921e+00,5.983781678104e+00
-1.387551772830e+00,2.015407636325e+00
3.632028592136e+00,-1.031140267656e+00
6.893341361420e+00,6.079140200526e+00
-1.304530028999e+00,2.719898499213e+00
7.440537119433e+00,4.833149524223e+00
-6.440459064187e-01,1.511054965930e+00
1.089966102785e+00,4.716006997271e+00
2.219740702024e+00,4.151105433660e+00
6.879293795971e+00,3.682475628193e+00
5.413839796684e+00,2.794041582173e+00
4.454917293207e+00,2.852510887642e+00
3.688239942378e+00,1.383568801488e-01
5.375486180595e+00,5.217981524549e-01
2.207314461011e-03,-2.179166085116e-01
-9.807577227817e-01,-2.402169039382e-01
5.633695824758e+00,3.232809630675e+00
5.109143620346e+00,1.846932037479e+00
3.331762509870e+00,-1.976299397476e+00
4.985794991091e-01,3.990702012255e+00
8.516572191686e-01,1.274962866465e+00
4.903353655245e+00,1.116617881327e+00
-5.791007957008e-01,6.609548384730e+00
-2.443139732596e+00,1.644930874297e+00
6.582959300096e+00,2.026159161835e+00
5.724040838967e+00,1.682110609228e+00
5.090189454148e+00,1.160588631183e+00
1.069671197440e+00,7.730910259760e-01
2.410822861118e+00,5.156312310432e+00
-1.291825578962e+00,-2.866157705293e-01
6.764064749758e+00,4.537045414723e+00
-3.358877979756e-01,9.267023364568e-02
2.503011426825e+00,5.013042057759e+00
5.100969226690e+00,1.739730804192e+00
-2.185149406273e+00,2.545735905712e+00
4.922111693289e+00,2.174854683544e-01
9.114198995121e-01,5.173916704251e+00
3.863055628985e+00,1.047581528790e+00
5.209479806735e+00,6.103707203567e-01
5.402171296745e+00,3.864852420681e+00
-3.135959722756e+00,1.585504877453e+00
4.287859423566e+00,3.224076659239e+00
-8.372470194592e-01,-2.007944046994e-03
6.785612127775e+00,6.143103299242e+00
5.018688448739e+00,4.326236549491e+00
3.458260919534e+00,-1.368897019481e+00
-2.909328253200e+00,7.410896615557e-01
-1.341982335281e+00,3.287553108554e+00
6.037314604887e+00,2.501666271827e+00
6.766230905410e+00,4.769265251464e+00
4.645027627594e+00,3.084673429676e+00
6.552311146038e+00,4.645035292694e+00
8.540154628814e-01,6.096225084272e+00
-3.357823818514e+00,1.518376000350e+00
-1.436191395973e+00,-5.652354988289e-01
6.880561942333e-01,3.637184430185e+00
6.353087335325e+00,5.356620828629e+00
-1.248403346686e+00,-2.198496415539e+00
4.949722825193e+00,1.475139126499e+00
6.727235987384e+00,5.824049756156e+00
3.709293519240e-01,4.159497126904e+00
-4.924782228093e-01,3.357307008020e+00
2.229993449418e-01,-6.669911937687e-01
3.365638998016e-02,-1.360505667644e+00
1.352549975942e+00,5.360063976452e+00
4.373434028847e+00,-4.084347355392e-03
5.584284478452e+00,5.526947102258e+00
-6.335137038532e-01,2.658310918199e+00
-3.137870070340e+00,1.794490817703e+00
5.946948605440e+00,5.119745141713e+00
4.055024599721e-01,-6.029576865852e-02
5.493772737022e+00,5.218088512188e+00
6.586967569476e+00,4.950000171449e+00
3.199327246116e+00,6.421120317758e-01
-1.740215564306e+00,1.590840093839e+00
4.247106411007e-01,3.901581026751e-01
7.088413586791e+00,5.444386497224e+00
5.089428558196e-01,-9.602732966445e-02
6.812205826259e-01,7.861356824262e-01
-2.939329339217e+00,1.494493784642e+00
7.283279365391e+00,5.520560415087e+00
-2.506389254955e+00,1.361805867784e+00
6.384741641079e-01,-1.720603408149e-01
-8.347363447382e-01,2.198178817497e+00
4.510911178463e+00,1.452841923459e+00
-6.726467197976e-01,3.150544689858e+00
6.435731321283e-01,3.392089958496e-01
-2.064110683617e+00,-2.016750553535e+00
7.126517587499e-01,-1.088311072529e-01
4.995080123714e+00,3.989882920650e+00
-1.171658789803e+00,2.297210665450e+00
-2.093490141070e+00,2.072245175065e+00
1.273528814515e-01,3.150955639785e+00
2.695544199355e+00,1.529897874566e+00
5.690311904470e+00,1.107207251696e-01
1.371071180902e+00,9.821992451374e-01
3.889236671928e+00,6.784405286372e-01
4.287963669686e+00,2.219550436614e+00
2.898436226403e+00,-6.718754652361e-01
-8.930205780656e-01,3.290669699352e-02
7.386081029224e-01,4.094739662797e-01
2.216720273526e+00,6.301977218538e+00
-1.159927368490e+00,-1.180950845280e-01
1.794727367928e+00,5.400472448902e+00
-2.432433694232e+00,1.938003263738e+00
9.936011625821e-01,8.017479874361e-01
5.113123298584e+00,5.094636954218e+00
6.959397209328e+00,5.850024030719e+00
7.007436472972e+00,3.689338324253e+00
5.950549169032e+00,4.209874835354e+00
4.542631987421e+00,3.423438358828e-02
2.058509781442e+00,5.560309092234e+00
8.522397578629e-02,4.003500886691e+00
-2.113079940502e+00,-3.509000882950e-01
-2.956501104080e+00,1.493843366524e+00
2.451589255381e-01,-8.346217702649e-02
-1.774266441426e+00,1.020456691118e+00
-7.023882064527e-01,-9.285522690116e-01
4.291542968185e+00,-4.271630603739e-01
1.375880548667e+00,4.606354971817e+00
1.491632792795e+00,5.001757712096e+00
6.333459373574e+00,5.545275023847e+00
-9.576720869164e-01,2.940021250208e+00
2.003265183789e+00,7.152130662410e-01
5.641483240596e-02,-6.081764526887e-01
6.148287425955e+00,3.428864495243e+00
3.458556843118e+00,8.124988288978e-01
1.173714002774e+00,5.032118513499e+00
7.885256768111e-01,3.755934104110e+00
4.376850305621e+00,-1.040250373504e-01
4.852744813933e+00,4.647246677619e+00
1.321346012725e+00,5.673933416233e-01
-1.792918748080e+00,5.197775589526e-01
-5.679577342195e-01,-1.311742271244e+00
1.733974300422e+00,6.182316922059e+00
-1.738294286422e+00,-6.054507291507e-01
-2.669828978614e+00,1.560604345360e+00
-9.555598305488e-01,-5.310519893792e-01
3.690881762499e+00,-2.822279054817e-01
1.040217527262e+00,-3.353477032835e-01
-1.892259838205e+00,1.246776869864e+00
-2.090370874141e+00,1.977778436945e+00
7.247060259699e+00,5.733577877010e+00
2.335684703469e+00,1.654073833700e+00
2.119032695559e-01,8.573786177283e-01
2.279081946713e+00,4.802967913229e+00
-2.318775065103e+00,2.465834083273e+00
5.074260852702e+00,1.246159574490e+00
-1.195311539064e+00,-5.704774214082e-01
1.579665087128e+00,4.640993905432e-01
8.856303254001e-02,1.927234154764e-01
3.742546743148e+00,-8.801011080818e-01
3.036067089101e+00,2.499497004513e-01
7.942963115663e-01,5.259769031865e+00
-8.810188355765e-01,2.112481023901e+00
5.000900656740e+00,1.840725336757e+00
4.252442679738e+00,3.021942912885e+00
-1.826889274001e+00,-1.408364748612e+00
-1.899032088440e+00,-2.101202517527e+00
6.617462006487e+00,4.740869408578e+00
1.170013413602e+00,1.698025737710e+00
4.807323976420e+00,3.689660113141e-01
1.387149898690e+00,5.265053637322e+00
9.341222969444e-02,-1.589595581038e-01
-1.710846229599e+00,1.517742617803e+00
-2.125042691021e+00,2.339566809623e+00
4.908091223031e+00,3.228322818356e+00
4.404602815660e+00,4.020851696423e+00
5.606615251052e+00,3.276722083857e+00
-1.922058091620e+00,2.797748353935e+00
-3.361957532624e+00,1.662013145407e+00
8.320190031986e-01,4.418974414801e+00
4.558823869482e+00,1.897296520069e+00
6.063233293118e+00,3.229322950807e+00
-4.071318010656e-01,3.626474274031e+00
5.939998606355e+00,5.343639836208e+00
4.856406942603e+00,2.112587114248e+00
5.139991991728e-01,1.267986310827e+00
-1.115104423262e+00,1.656376501913e+00
5.351769239573e+00,4.913432456747e+00
4.712957527189e+00,3.745092960456e+00
4.879643988983e+00,3.602933715988e-01
6.464271856244e+00,4.582190452557e+00
-1.042155738752e+00,2.732938733138e+00
-2.549244074580e+00,2.740546782102e+00
5.803438287029e+00,4.547602281454e+00
1.898168032691e+00,8.055947482453e-02
5.593469297778e+00,5.004693053116e+00
6.854025017147e+00,4.117656710442e+00
3.552198553670e+00,-4.444729086925e-01
7.204716725535e+00,5.969475174809e+00
-9.302735327051e-01,-1.160871495613e+00
-1.374081845249e+00,3.113272069141e+00
-1.454783464422e-02,6.741726995353e-01
6.949068581744e+00,3.899550639784e+00
6.175004038242e+00,3.799147571026e+00
4.330295609839e+00,1.349964649603e+00
-2.332829294672e+00,2.318689813996e+00
7.243303830132e+00,5.689337369567e+00
-9.042005373788e-01,2.854048045980e-01
6.632666609599e+00,4.693345128450e+00
1.537372460214e+00,6.073510988216e-01
-2.268304964627e+00,1.120848055937e+00
-6.512477211010e-01,-1.301393162663e+00
4.324760997620e+00,-1.092662331250e-01
2.642107566681e+00,-1.262121341225e+00
3.070344337339e+00,5.925176263480e+00
-2.694961400291e-01,-2.950744446267e-01
3.977061660619e+00,2.818890942222e-01
6.174400562924e+00,3.297001287644e+00
5.248627409346e+00,3.196210385940e+00
6.138745524529e+00,5.272133622010e+00
4.968529463162e-01,1.501190599003e+00
-8.276615590307e-03,-1.099613649579e-01
-1.717718063342e+00,1.497449682607e+00
4.729115656905e+00,1.150518915854e+00
4.285279362974e+00,2.708137549903e-01
6.767898989703e+00,5.778179943231e+00
6.381647888315e+00,1.574121058965e+00
-2.020039658680e+00,1.398673490124e+00
4.764393736573e+00,3.081246202863e+00
4.643910620855e+00,9.870207874975e-01
6.370819455933e+00,5.290278248653e+00
-7.592955214705e-01,3.250777427096e-01
6.838279807156e+00,5.268882461300e+00
-5.562462379356e-01,2.429229749756e+00
-9.845239046657e-01,2.889852285567e+00
2.884311676914e+00,4.618688153655e-01
-2.400896069935e+00,2.678013726271e+00
-2.562153070605e+00,1.538811214775e+00
5.027368832094e+00,3.670149181095e+00
-1.130675759465e+00,3.290944054697e+00
-2.783615050419e-01,-2.272034121768e-01
-3.125222090389e+00,1.864073968695e+00
1.494175569720e+00,4.992535751946e+00
5.348992179775e+00,3.113156897806e+00
1.416597871150e+00,5.565929051609e+00
5.995130855122e+00,3.820190288602e+00
5.747349046208e+00,1.340666348947e+00
6.748874990000e+00,4.946949095410e+00
1.062623988857e+00,4.743628601870e+00
5.733289365409e-01,8.067853081741e-01
5.782497929190e+00,1.169780816974e+00
1.751786125351e+00,5.613381797827e+00
5.823908695085e+00,4.898320851702e+00
-1.943853851581e+00,3.019944045151e+00
5.084809142582e+00,1.613662820196e+00
-1.820596016681e+00,2.046763059432e+00
-1.682155710589e+00,-5.715682392628e-02
5.790727529093e+00,4.850294750368e+00
1.532824707212e-01,3.882803109508e+00
-1.483665900178e+00,-1.270781969338e-01
4.479217714858e-01,4.411911274459e+00
1.948830282938e+00,5.264699067091e+00
3.856256244045e+00,-4.803341705687e-01
-8.649263166007e-01,-9.876936870842e-01
5.222206439154e+00,1.930098780591e+00
-1.337328263772e+00,2.825312176395e+00
5.933946518673e+00,5.478160658627e+00
-1.018714931114e-01,3.022142467347e+00
4.144017606312e+00,7.341530428585e-01
3.516715529490e+00,1.488826718354e+00
3.538817152268e+00,1.740222547361e+00
-2.725049876266e+00,1.196664528408e+00
2.884624101237e+00,-1.455088560665e-02
3.056805512033e+00,5.186748159900e-01
1.697761414550e+00,4.482308892027e+00
-1.372433683257e+00,-2.265257394739e-01
2.087512690550e+00,4.817230490374e+00
5.186145821111e+00,4.199813631627e+00
4.692905435516e+00,2.653979789662e+00
-7.635075018252e-02,3.924260012386e-01
6.509065366445e+00,5.089609422250e+00
-2.640295803864e+00,3.055628262692e+00
-1.544037261162e+00,1.224335440882e+00
-1.461019552180e+00,2.568224460865e+00
2.965917178389e+00,-9.834153761727e-02
6.910615258105e+00,4.855545405393e+00
-2.740592700414e+00,2.300264696934e+00
-2.096077316211e+00,8.700616103330e-01
7.076102051310e+00,5.310705850640e+00
6.677058978482e+00,5.128102389346e+00
5.700969957275e+00,4.136792544745e+00
5.870402615115e+00,4.451183798768e+00
5.237651310618e+00,4.317004389870e+00
5.891643105276e+00,5.302891502963e+00
6.013917449521e+00,4.693013610389e+00
4.368637859540e-01,3.189514173842e-01
7.408492194628e+00,4.917325739209e+00
-1.809624287699e+00,2.714707298683e+00
1.525592761697e+00,5.129998584401e+00
2.097818718233e+00,5.563110364391e+00
-1.258081217723e+00,-1.060861029047e+00
1.966803320449e+00,5.455371531212e+00
5.517036797074e+00,4.537930429245e+00
1.748663516516e+00,1.328959690819e-01
-1.832899057829e+00,-1.469736112764e+00
5.365851990816e+00,4.625436926147e-01
7.326202412615e+00,6.182350812267e+00
1.092007644928e-01,1.920909677778e-01
3.549356717524e+00,-8.404341117941e-01
5.194391451591e+00,3.600219627266e+00
3.041506867503e-01,4.724238028228e+00
1.409046015283e+00,1.965065151619e+00
2.538304999327e+00,-3.539653767125e-01
-8.727462271802e-01,-3.682852620349e-01
2.858652041848e+00,6.305269036257e+00
2.360831995757e+00,-7.923985809815e-01
5.186135327211e+00,4.108453639781e+00
4.016774896891e-01,-2.630211755028e-01
-1.427171743200e+00,3.488765478734e+00
-2.991472260443e+00,9.828561438733e-01
-1.436167507280e+00,2.086384604729e+00
-2.067390137918e+00,1.487503819575e+00
-2.157498793053e+00,2.810792517602e+00
-1.964081239483e+00,2.409779398512e+00
-1.495527732488e+00,2.364318886819e+00
-2.460781809055e+00,1.454004015152e+00
5.082497483459e+00,3.533566318655e+00
-1.833150460652e+00,2.363525010146e+00
6.966768425522e+00,4.366243404893e+00
-5.623405707234e-01,2.257238399665e+00
4.618134397523e+00,8.260427691889e-02
2.434277628985e+00,5.770547417793e+00
-2.942828815652e+00,2.408618183528e+00
-1.240317141752e+00,1.789923388694e+00
5.469874495996e+00,3.005308169585e+00
6.891992489618e+00,4.672459516827e+00
4.733857845491e+00,3.775072656090e+00
5.660852067389e+00,4.245091961446e+00
5.432611914662e+00,3.152300640479e+00
-1.421276313127e+00,2.131490321834e+00
5.966794242752e+00,4.732441127362e+00
3.729342947347e+00,-1.646191424325e-01
5.589243858640e+00,4.734286269155e+00
4.820021448688e+00,3.857213321447e+00
4.121417773601e+00,1.122333029937e+00
7.440257953655e-01,-1.354081914276e-01
7.001310316568e+00,4.002703805150e+00
6.666451121995e+00,4.559469558154e+00
3.592258395203e+00,6.640495831833e+00
-3.034181844521e+00,1.213345849447e+00
6.169461866416e+00,3.316157400347e+00
5.074971332516e+00,3.774999832284e+00
2.670578673545e-01,-1.459132683101e+00
-8.325296409538e-01,2.748752978363e+00
5.963081212699e+00,3.414801928637e+00
-1.306602350825e+00,2.834311453988e+00
5.933831462934e+00,4.122645279337e+00
-7.920626653840e-01,1.239683913388e+00
-1.070515160420e+00,2.202423186700e+00
4.161013134844e+00,-8.300133795848e-01
-1.937646877511e+00,1.235610506496e+00
6.920489023900e+00,7.065713973980e-01
6.303327071488e+00,4.385482900800e+00
8.093451623534e+00,6.381216762475e+00
4.718295669237e+00,4.038568928432e+00
-9.783843755008e-01,-3.813364186728e-01
2.189612071923e+00,6.170502078239e+00
5.369219807494e+00,4.231093745051e+00
5.688062865573e+00,9.635463533678e-01
7.105050774613e+00,5.182045177113e+00
5.841980693012e+00,3.222709360539e+00
6.614552318716e+00,5.830202024041e+00
1.626504200261e-01,-3.548794066006e-01
-3.505201931201e-01,-7.741679819894e-01
2.250885208020e-01,1.079840006688e+00
4.523643397037e+00,1.103879743243e+00
6.203164055585e+00,4.566085749483e+00
6.767575435812e-01,-9.195228367297e-02
6.474364805073e+00,5.361373846799e+00
-3.876610508459e-01,3.513132180125e+00
-2.820175765003e+00,2.429185711527e+00
4.839379225136e+00,-3.365434752695e-01
-7.554689141824e-01,2.894929616842e+00
-5.581268124970e-01,-1.592926951414e-01
7.245521986480e+00,5.962201196567e+00
1.616095964653e+00,1.636635011631e+00
-2.877414192995e-01,3.726815038503e-01
6.003369979228e+00,9.749831232333e-01
1.008172305903e+00,6.457051553497e-01
4.379888126901e+00,-4.090181502054e-01
-4.159044980947e-01,6.891268532191e-01
3.556782333448e+00,2.148077419271e-01
7.560790905129e-01,1.572076204892e-02
3.881601199415e+00,-1.343828864926e+00
-1.518664691630e+00,-5.348327497437e-01
4.428351566735e+00,5.662022292607e-01
7.315937969364e+00,4.087267787090e+00
2.429425418561e+00,5.261092945612e+00
1.784511237215e+00,5.646386097757e+00
4.861564629568e+00,-5.828426869421e-02
-1.600148158925e+00,1.317780518774e+00
6.551931297659e+00,5.446208076260e+00
5.051209604361e+00,3.610965287233e+00
-1.444035405784e+00,2.116678039788e+00
-2.785138308502e+00,3.571504187341e+00
4.135269402128e+00,6.296573289805e-02
-1.784582532217e+00,2.927524467661e+00
-8.281814650187e-01,1.198981222847e-01
6.778299412876e+00,4.337054431450e+00
4.728053049564e-01,1.233105077215e+00
5.470941041090e-01,3.271560982696e+00
4.926443591845e+00,3.254845579956e+00
2.052759683598e+00,2.210238256603e+00
5.241729674134e+00,3.435824844565e+00
5.616142191530e+00,5.520579672708e+00
-4.343207807267e-01,2.355083864130e+00
-1.430558083706e+00,1.852089334495e+00
8.437006842203e-01,3.448180072756e-01
4.884053765848e+00,4.603828155891e+00
6.596228697536e+00,5.247329159602e+00
8.434781984217e-01,7.770150324815e-02
-2.194152793576e-03,2.560513343588e+00
-2.717796194269e-01,3.107374303328e+00
-1.310992834077e+00,-1.513716996531e-01
-1.977640222637e+00,1.629091706959e+00
5.918540583656e+00,1.562477550992e+00
4.887699130279e+00,3.483995037315e+00
-1.151504962358e+00,1.469569571137e+00
-2.464191787731e+00,1.653453123820e+00
-1.733290988966e+00,2.580761126722e+00
-2.222607765760e+00,2.446236594759e+00
5.037288330106e+00,6.740799336307e-01
5.429475725713e+00,4.846516835263e+00
2.683085912026e-01,6.419166298518e-01
-2.781932105402e+00,1.643092492284e+00
-1.935887509769e-01,-8.634440394610e-01
7.334670595196e+00,6.378395557632e+00
-2.272125170952e+00,2.250535490862e+00
6.036924688038e+00,3.240285183256e+00
-5.048154972099e-01,4.581220706853e-01
-5.946551259708e-01,-3.725929390836e-01
-2.406104852041e+00,8.910470771219e-01
-2.685606199111e+00,2.006843898875e+00
3.442592756291e+00,-4.585416319360e-01
3.300680746083e+00,7.376888453095e+00
1.041883977989e+00,3.162351010766e-02
-1.719639627343e+00,6.107794217295e-01
4.032996710604e+00,5.738374447073e-01
5.346304303218e-01,6.227560185263e-01
5.580570307159e+00,3.368755981831e+00
6.539307919868e+00,1.409928756628e+00
6.318156008746e+00,3.334899502056e+00
-3.432792653341e-01,-9.401524219877e-01
4.221835346562e+00,1.525161360917e+00
-7.319511039266e-02,-1.260544196527e+00
-1.555666940459e+00,-1.980762085836e+00
4.064082781127e+00,1.238498196504e+00
2.140335998129e-01,1.207783302728e+00
5.961852120135e+00,1.693808005539e+00
-1.101581801453e+00,3.005647846032e+00
1.313718901383e-01,3.610380376159e+00
-1.809190227060e+00,3.041250334882e+00
5.951354868160e+00,4.390884628760e+00
3.567016543093e-01,-9.759652314775e-01
4.277366918535e+00,9.321298472630e-02
4.226442164840e+00,1.950347627764e-01
5.449500241630e+00,3.387816300112e+00
6.461672515331e+00,4.614429408633e+00
7.727855207321e+00,5.927373112792e+00
1.562420323561e+00,6.306538215538e+00
5.031295664361e+00,3.529685091598e+00
4.638968052014e+00,7.640875404808e-01
-4.024703530489e-01,7.378795648171e-01
-1.814504408505e+00,1.087979161120e+00
-9.325630519017e-01,-1.399010910500e+00
5.962373615872e+00,3.784605676964e+00
5.021153325234e+00,3.327394626316e+00
4.836179118050e+00,2.484925818878e+00
-9.719786414130e-01,-3.049836706733e-01
5.658868085690e+00,2.831522230575e+00
-2.050416232219e+00,2.323719578191e+00
3.077356006369e+00,-1.475515554357e+00
1.873933073189e+00,5.299369037554e+00
5.875869740452e+00,3.837175202103e+00
-1.632996057968e+00,2.457353144048e+00
-3.106478938120e+00,3.103922775089e-01
-1.108836088046e+00,1.351204568921e+00
-3.122629948636e-01,3.430417692639e+00
-1.336379606150e+00,3.826021528957e+00
2.109045722487e+00,5.169291383046e+00
-4.158764310878e-01,-5.823227259901e-01
3.878873168561e+00,-3.099011969901e-01
5.515112193533e-01,6.756955734274e-01
9.409345136735e-01,4.874716059623e+00
-2.227485117846e+00,2.429261623394e+00
-1.051680869437e+00,1.985618940217e+00
6.268829817712e+00,4.086126936204e+00
9.121957346978e-01,1.539402326535e-01
1.198965663856e-01,3.639135238573e-01
3.102249802840e-01,9.802012016579e-01
5.160481464854e+00,8.608197503191e-02
6.644720780254e+00,4.230392436156e+00
4.521909665355e+00,1.566661356239e-01
2.165506881801e+00,2.288768655691e+00
6.386817096126e-01,3.997930297926e+00
-1.850837737085e+00,2.946419164799e+00
5.860576393237e+00,3.811934439483e+00
-5.689723243345e-01,-3.667192235520e-01
6.308485547122e+00,2.076028324778e+00
-1.246495588793e+00,3.072565410555e-01
6.104552007417e+00,4.360547512330e+00
-1.641253601221e+00,2.605687490262e+00
7.366086912008e+00,5.049827006985e+00
5.203482897568e+00,3.996573330063e+00
-1.390816120718e+00,1.249150023968e+00
5.545680703381e+00,1.754035742214e+00
6.811986844016e+00,5.023472972638e+00
-2.322700767139e+00,2.353386903647e+00
-1.252382541828e+00,2.668054660390e+00
1.046376443796e+00,7.654372992928e-01
6.311297376138e+00,4.554361218735e+00
-1.747218965625e+00,2.305055762185e+00
6.149049884895e+00,5.247615725025e+00
-5.159213228104e-01,-1.741075292659e+00
4.306816102696e+00,4.235925358596e+00
3.745955558472e+00,1.881949360712e-01
-1.647865219036e+00,2.323555050721e+00
3.088628073502e+00,-8.639709514225e-01
-2.936462267206e+00,1.945441898770e+00
1.315676918486e+00,1.681299501816e+00
1.601949666826e+00,5.431738731660e+00
-1.168140879767e+00,1.117006418113e-01
4.945967022763e+00,6.082886074895e-01
-2.301773686458e+00,6.644444844993e-01
-1.898675972547e+00,2.562731567145e+00
2.363981379988e-01,2.901742875017e+00
3.870463277383e+00,4.031681627224e-01
6.522561221042e+00,5.231485271061e+00
-2.400684478240e+00,2.752351559316e+00
-1.707205435530e+00,3.097426143138e+00
-2.486597160834e+00,5.705990940834e-01
-2.743505047892e+00,1.447278445307e+00
-2.483942834561e+00,1.662796569570e+00
6.689458538753e+00,6.572672738046e+00
-2.311556009645e+00,1.501323891124e+00
4.070157275813e+00,2.655364234933e-02
-2.183156862661e+00,1.201000498223e+00
4.786113880980e+00,2.116732878473e+00
6.617654881468e+00,4.653490387224e+00
5.590821799454e+00,4.701649725165e+00
4.562518563729e+00,4.023734089131e+00
5.478195274210e+00,5.615829377579e+00
5.096845942748e+00,6.313942783652e-01
6.668962786124e+00,5.846122626079e+00
5.189860679709e+00,4.061724894319e+00
6.504885435741e+00,3.987324538197e+00
6.806897606428e+00,4.323515034384e+00
-2.687295647014e+00,1.399560023000e+00
5.403598803713e+00,3.202261787940e+00
6.490889684678e+00,5.198236581847e+00
1.882121224651e+00,5.740328362386e+00
-3.423756527707e+00,2.392549796090e+00
4.782933492323e+00,8.621075584429e-01
2.607169136419e+00,-1.264524062053e+00
2.628468596390e+00,-9.679598338044e-01
-2.805953680172e+00,1.238887663811e+00
-2.842097907475e+00,1.171789794602e+00
1.985007346859e+00,5.443412790884e+00
4.922702211463e+00,3.519984815005e+00
-2.168771893867e+00,1.455066908599e+00
6.885103972353e+00,3.100500921890e+00
-9.345316558336e-01,1.395822785839e-02
6.524173695692e+00,5.130060536936e+00
5.703566458395e+00,4.966165613629e+00
-2.124376522740e-01,3.541278821873e-01
7.202471633328e+00,5.065656115996e+00
6.284819489967e+00,4.670981677826e+00
5.036916196729e+00,4.629216032380e+00
5.803856806559e+00,3.439108830688e+00
5.471971764420e+00,3.278991052499e+00
7.284315077610e+00,6.504495634438e+00
3.702192805080e+00,-6.608107871946e-01
5.445754647045e+00,-4.008091253346e-01
5.852050471343e-01,2.410400310540e-01
5.046145061367e+00,1.523061802190e+00
7.586109745460e+00,5.844849026761e+00
6.078706390670e+00,4.922090133813e+00
5.902363073884e-01,1.854839795847e+00
4.175000666306e+00,1.564651039838e-03
-2.592261687897e+00,2.810874760455e+00
-9.765112769564e-02,4.693978188724e-01
7.330625099065e+00,6.036413101448e+00
4.703437570358e+00,1.100619255692e-01
4.284139309565e+00,4.869612075140e-01
4.813208869715e+00,3.308962636973e+00
4.911314702062e+00,5.629194332950e-01
3.655402461951e+00,9.090564410931e-01
4.747853131570e+00,-1.261741759883e-01
2.689240589828e+00,1.633617637814e+00
1.264934221136e+00,-1.345452523788e+00
1.132208295592e+00,5.975527343625e+00
4.219113872565e+00,4.850139080586e-01
5.633619495374e+00,2.858283974180e+00
3.416680221017e+00,-7.479372475941e-01
5.763791048055e+00,4.116009026901e+00
-1.752995056593e+00,1.859013769300e+00
7.505430962419e+00,5.725096336504e+00
1.149352987486e+00,3.785460969981e+00
4.851949899293e+00,3.180572222658e+00
-2.079237445894e+00,1.557776650760e+00
7.558758287437e-01,1.289804604741e+00
-2.166690459154e+00,3.019596696093e+00
5.744816712662e+00,4.277874859795e+00
-1.448044676405e+00,2.143579291104e-01
3.942522507500e+00,1.823607874921e-01
5.879909108008e+00,3.224291676361e+00
5.589158339401e+00,-1.354731634853e-02
7.950751595745e-01,6.244703526523e-01
3.473377893508e+00,1.307630175353e+00
-1.110346009863e+00,2.481610515601e+00
4.190901222973e+00,-5.935131378569e-02
1.283776801902e+00,-1.227336624137e-02
-1.693627175718e-01,-1.208792672469e+00
5.509027118393e+00,4.544740158764e+00
1.504618847284e+00,1.353205029181e+00
4.923234792967e+00,1.652942123698e+00
-1.720190260516e+00,1.813384835475e+00
4.418988045798e+00,9.933781393956e-01
9.079893947499e-01,8.342547378364e-01
5.262919043310e+00,5.157216985378e+00
-2.379472159781e+00,2.374244089564e+00
6.949719277932e+00,5.295954620387e+00
1.486558405848e+00,4.715727874009e+00
-2.052726487142e+00,1.730980211274e+00
-1.258638300422e+00,-1.735265753384e+00
2.157264528714e+00,5.418209436258e+00
4.814165839707e+00,3.541113217208e+00
-2.324814958320e+00,3.321129895669e+00
5.844862231734e+00,4.772288044277e+00
7.734421779760e+00,6.554945616801e+00
3.532986566831e+00,-4.754739826036e-01
4.068800818457e+00,2.283794898951e-01
-1.832038982047e+00,2.151224295729e+00
-1.722827568500e+00,1.529036338394e+00
7.660764815751e+00,4.472841400782e+00
2.611320744504e+00,5.022191900833e+00
8.127988083783e-01,7.189978396073e-01
-1.540621349295e+00,-4.859802626535e-01
-4.407737659137e-01,-1.388809955983e-01
8.158518735757e+00,6.610572140595e+00
5.661898338550e+00,4.275869647872e+00
2.683499379863e+00,-1.503668426678e+00
-2.833713776450e+00,2.428772428106e+00
1.463186908452e-01,-5.114305026867e-01
-4.652981632785e-01,-5.439239760236e-01
1.929034466907e-01,4.835424703540e-01
6.894724913652e+00,5.578502657578e+00
3.790840538916e-01,2.440138472558e-01
6.336218798473e+00,3.565820091249e+00
6.978400527071e+00,4.641291238912e+00
4.563020800348e+00,4.103819901125e+00
5.723888913886e+00,4.617538538963e+00
6.571427156147e+00,5.108313258010e+00
7.375242932331e+00,6.057924005512e+00
5.183086264746e+00,3.087103305841e+00
3.956434606385e+00,3.769233234663e-01
3.760933297253e+00,3.105105161411e-01
3.773217083817e+00,2.341038241193e+00
3.462763873710e-01,-8.709340174340e-02
7.869044722757e+00,4.216320505163e+00
2.448078424103e+00,5.748433602782e+00
4.978510054718e+00,5.051666395912e+00
6.551231560326e+00,3.811535971444e+00
-1.350959974503e+00,1.622350956142e+00
3.837992297791e+00,-4.352081549828e-01
-1.440241134241e+00,2.210002246371e+00
5.403011030345e+00,4.468473040248e+00
5.557826437411e+00,3.316069733734e+00
1.231882220154e+00,2.626709314076e-01
-3.045998835626e+00,1.565039866359e+00
4.510181749680e+00,2.756800860319e-01
5.874296309229e+00,2.396584789319e+00
4.993307931190e+00,1.755582215061e+00
4.638836322445e+00,-3.932896321143e-01
4.467108312443e-02,4.707333752340e+00
1.326788989401e+00,4.484826062048e+00
5.833541355391e+00,4.146155431123e+00
-2.200844321884e+00,1.527397046597e+00
5.934110032725e+00,1.015795660984e+00
-9.285139297199e-01,1.779982266761e+00
-2.317132438848e+00,1.930155957969e+00
2.126025224005e-01,2.509510010864e-01
4.879747235451e+00,2.432844924982e+00
4.079112510360e+00,-1.086484357335e+00
5.102866120908e+00,3.241121931884e+00
3.658157496280e+00,7.065544131804e-01
6.890429465643e+00,4.334963661665e+00
6.253393403498e+00,4.349125629196e+00
3.817302687336e+00,-4.540154177367e-01
7.769447537558e+00,5.796457698080e+00
4.594723032573e+00,1.131890645762e-01
-1.231423757534e+00,-6.199105962874e-01
4.805768386253e-02,1.120873374525e+00
-1.393627202590e+00,-2.740042413522e-01
5.549151426035e-01,7.823009269829e-01
5.089359460026e+00,4.578799907996e+00
6.408441522972e+00,4.103284597575e+00
6.631179328155e+00,2.998472373503e+00
1.078847849596e+00,6.536294244196e-01
-2.305132284958e+00,2.114053812914e+00
5.086017492168e+00,3.678503816835e+00
7.384380161848e-01,6.542672023449e-02
2.276462079386e-01,4.239335864354e+00
3.576268038287e-01,3.062107109765e-01
-1.002258933061e-01,-4.290721782262e-01
2.579966027521e+00,-1.061109979386e+00
-9.294227569348e-01,-8.587353970669e-01
6.842104579605e+00,5.608760374530e+00
3.118861129658e+00,4.296149767092e+00
-1.327776665243e+00,1.957326845301e+00
3.576784223697e+00,1.278860579077e-01
-1.871887876815e+00,9.500861868742e-01
5.973796459162e+00,4.432023617149e+00
-1.394260488470e+00,1.641267973244e+00
2.377784904832e+00,-8.334501108863e-01
1.436898507070e+00,4.796547216906e-02
-1.877118451104e+00,1.931807008463e+00
6.506583015872e+00,5.851777424170e+00
1.688464472227e+00,1.753671745339e+00
4.735685425967e+00,1.579296481805e+00
5.235081068568e+00,4.481285503302e+00
-2.064532310083e+00,1.977011225105e+00
2.918907214288e+00,2.966161640016e-01
5.221655663401e+00,4.248379006652e+00
4.716928014710e+00,3.719313637786e+00
2.829340148008e+00,6.383706452619e+00
6.453009382610e+00,4.564183571584e+00
1.858713473468e+00,5.064432516936e+00
-1.491537745152e+00,1.871415222484e+00
-1.807795173267e+00,2.012807629102e+00
3.867266868438e+00,7.739044390582e-03
-2.823246173082e-01,4.517540445644e-02
6.071576274444e+00,5.048717043556e+00
-1.663463317754e+00,1.549735384234e+00
1.438087060561e+00,6.543458009220e+00
2.584893055431e+00,-1.295283700155e+00
5.365213405958e+00,1.655100519287e+00
7.387114669536e+00,6.408361413248e+00
4.956661630520e+00,-1.994197663067e-01
3.697023690931e+00,4.323608468225e-01
-9.438380270008e-01,2.397317976263e+00
7.776994238105e+00,6.030658767938e+00
4.507487122740e+00,6.294825314140e-01
-2.518570959141e+00,-4.076486083456e-01
9.761330055796e-03,-2.106345416210e-01
6.392460433926e+00,5.060890502446e+00
4.716606993189e-01,4.509339033875e-01
2.929330661191e-01,6.141588554025e-01
6.756996313840e+00,2.665549135627e+00
1.628218389263e+00,1.984398339816e-01
-2.655720399309e+00,2.062965429610e+00
1.350616937875e-01,9.761093351941e-01
-2.319098535360e+00,1.714655217975e+00
-1.322915020227e+00,-9.417921263213e-01
5.647635787161e+00,3.548868247652e+00
1.130663467679e+00,6.719109547669e-01
4.832542852530e+00,3.056297429320e+00
-1.932179376860e+00,2.303218621771e+00
-1.471747509342e+00,2.521577541433e+00
-6.142348615847e-01,-3.029398773025e-01
-2.533112683431e+00,1.996224883942e+00
9.702159975792e-01,-7.071769043483e-01
-1.741746912112e+00,3.563621735042e+00
4.161731960899e-01,1.069124055117e-01
-1.009814022462e+00,-2.553263149073e-01
1.068505466190e+00,4.599696568152e-02
1.180499472109e+00,4.305083770105e+00
6.637120025710e+00,4.597679964173e+00
1.623830957014e+00,4.960257434764e+00
-1.641371118967e+00,-8.105578547816e-01
-1.985641594772e+00,2.108511326471e+00
1.108184746394e+00,4.844764828834e+00
-1.473803104318e+00,2.534626859122e+00
-2.506624376599e-01,-1.317754877508e+00
7.796043212282e-01,-8.371434010316e-01
-3.098008520638e-02,-1.079743885347e+00
3.946578343280e+00,3.326665896858e-01
2.237215119827e+00,5.118071455550e+00
4.491461614182e+00,4.340790445981e-01
-1.024565006234e-01,1.032017511889e+00
-4.905121101909e-01,1.213733643939e-01
8.593393481582e-01,9.748507764045e-01
-1.365148519034e+00,-8.763361422129e-01
1.695273498892e+00,-1.634496847907e+00
1.835747531668e-01,4.640824879286e+00
8.647867813440e+00,7.687697193834e+00
-1.062941427456e+00,1.396233554807e+00
-2.220526524065e+00,2.171993867962e+00
1.657481333678e+00,4.659998568447e+00
6.327945435450e+00,4.879853706350e+00
2.024718342346e+00,4.641203644895e+00
1.627310977181e+00,4.109343361749e+00
3.285428875015e+00,5.605743222088e-02
4.014773546299e+00,-4.917063734650e-02
-1.539976064047e+00,2.807941657994e+00
5.689206967933e+00,9.373431725006e-01
-2.007722210112e+00,2.201301840520e+00
5.523226666243e+00,4.184033129767e+00
-1.454394314105e+00,1.180758956863e+00
1.953116129413e-01,2.181885344782e-01
5.947611910132e+00,4.582715239743e+00
5.531020664300e+00,4.649656004826e+00
9.593456430268e-01,6.097600907601e-01
-3.342680984387e+00,1.599949312272e+00
1.727384582747e+00,4.871926050645e+00
5.380230265483e+00,4.764453680824e+00
7.040805106529e+00,5.430505380174e+00
6.743075270070e+00,4.483603538177e+00
4.390890170233e+00,-9.982369766818e-01
-2.656299493400e+00,1.577828959606e+00
-5.912752941942e-01,1.462601499627e+00
5.173754318486e+00,4.458860812720e+00
-1.012074827920e+00,6.090895634941e-01
3.781999768576e+00,-1.421580377636e+00
-1.631909616686e+00,2.224208960827e+00
4.167008713987e+00,1.512380679685e+00
4.194972513695e+00,-3.585727433756e-02
5.783013341413e+00,5.382267899053e+00
1.979737364481e+00,5.093132788167e+00
5.879048064990e+00,5.719930287612e+00
5.829426525841e+00,5.068981895759e+00
-1.703728276952e+00,3.339000943043e+00
-1.581597748211e-02,-1.228252929536e+00
5.352377120931e+00,4.814009314227e+00
-2.219246382446e+00,-2.638680652611e+00
4.368531415683e+00,-1.752749591727e-01
8.958490447514e+00,7.485326444775e+00
-4.561744179255e-01,-3.901997210149e-02
-8.676152379191e-01,4.732566087007e+00
4.929383477209e+00,1.601431688179e+00
6.074282187351e+00,3.578751469521e+00
7.106501508065e+00,5.029904780035e+00
7.158346149342e+00,4.794524542782e+00
1.999738624838e-02,-9.605776811755e-01
-2.221374348977e+00,2.214779195493e+00
2.018379926030e+00,5.906649293641e+00
-2.917399493835e-01,3.556601367150e+00
2.458176322299e-01,3.974053555586e-01
-5.632704549617e-01,-1.360157929203e+00
5.972733424114e+00,4.023800881487e+00
5.252066255460e-01,1.696170641014e+00
4.517761964454e+00,7.187548075280e+00
6.056853290576e+00,4.124150120475e+00
6.773165455664e+00,5.267558016879e+00
4.727001469498e+00,6.182042770392e-01
6.783113720010e+00,5.279045610503e+00
6.509483282993e+00,3.641407809544e+00
6.522492148793e+00,4.923570650579e+00
2.662334755912e+00,-9.817361535704e-01
-1.524548764189e+00,1.607521199938e+00
5.439035344401e-01,5.609732606037e-01
4.822070332014e-02,8.735502436138e-01
7.348737312112e+00,5.612650512957e+00
-2.910574384790e+00,2.284518462252e+00
2.096786222087e-01,8.317648310798e-01
5.153469165245e+00,8.130121548673e-01
-1.892507986183e+00,1.759314905638e+00
-2.037021495028e+00,1.304747651829e+00
1.498371210996e+00,1.572148653562e-01
7.356023576377e-01,1.136591572002e+00
1.979177703740e+00,1.079627779564e+00
-1.044432689221e+00,2.817241389060e+00
3.791313964698e+00,6.269265464938e-02
-1.717658886326e+00,3.012364280269e+00
1.317243221748e+00,4.832002982735e+00
5.657615113268e+00,3.060692771306e+00
-2.227080740753e-01,1.976011476775e+00
2.854713806005e+00,4.431448376873e+00
6.932828704717e-01,3.699884071883e+00
1.354319938538e+00,4.696906211060e+00
6.557457354331e+00,4.453902629135e+00
4.505084568472e+00,-5.230765059542e-01
2.277179839865e+00,9.399888649762e-01
4.730187036311e+00,1.024457146067e+00
6.541080708121e+00,4.973036656123e+00
6.552138394866e+00,4.703593083102e+00
5.073772084920e+00,6.374343861473e-01
6.013804680427e+00,2.796046128460e+00
1.191103415726e+00,4.353513869783e+00
1.313025324382e+00,3.196532332800e-02
7.449112483353e+00,6.102625176914e+00
-2.790102906465e+00,2.284592485050e+00
5.225756844436e+00,-4.925738858983e-01
-1.932969923537e+00,2.773087434564e+00
-8.906249156469e-01,-4.554001416841e-01
4.535499988269e+00,1.388206196541e+00
5.665745753962e+00,4.135636915990e+00
-2.133863152310e+00,2.791425890736e+00
3.603427154754e+00,9.302345591569e-02
1.602744837665e+00,1.220030148088e+00
6.661484744977e+00,4.925500956084e+00
3.244849627088e+00,-1.445201920833e+00
-1.880798196974e+00,1.468533558654e+00
5.945570953841e+00,3.937829247984e+00
4.917498026551e+00,-6.164921732682e-01
3.913073919304e+00,-2.825420448080e-01
-1.830271984581e+00,2.365554056801e-01
5.586899976181e+00,4.655936339424e+00
4.211633506312e+00,2.360475895772e+00
6.568035770578e+00,4.933423358759e+00
5.042076123851e+00,1.858214158039e+00
2.595361084773e+00,6.214866123785e+00
9.236993945609e-01,1.391098625029e+00
6.505915456679e+00,4.540212805069e+00
1.645622259585e+00,1.073207368878e+00
-2.293824478801e+00,1.522137008326e+00
-8.040437351602e-01,-3.088037229394e-01
-1.340412415070e+00,2.333340466380e+00
-1.967539778542e+00,3.239729880817e+00
6.465304059637e+00,3.491458824247e+00
1.126406164871e+00,-3.905855043380e-01
5.289594572930e+00,1.815176690096e+00
-5.317812663519e-01,2.083929899749e-01
3.995654511710e+00,3.745234447612e+00
2.808256801321e+00,6.393533013814e+00
1.011852883981e+00,4.516059583200e+00
-2.116771904565e+00,1.701646571944e+00
5.991665052027e+00,4.127658152324e+00
5.445134500227e+00,3.084854940530e+00
5.194416532343e+00,2.492822962055e+00
3.485988121801e+00,3.078787237041e+00
-2.869127001452e+00,1.769529121977e+00
-1.739384492384e+00,1.720694677728e+00
6.624400154868e+00,5.456461955533e+00
4.956129099484e+00,2.648523251789e+00
5.708682794638e+00,4.902980954481e+00
6.649203080909e+00,5.135033648318e+00
3.790884029467e+00,1.141416793912e+00
4.738900383929e+00,3.484395013300e+00
5.070473134564e+00,4.140316682086e+00
5.948669202973e+00,4.488790410078e+00
4.840709595004e+00,3.457868246241e+00
-1.143821492895e+00,-3.225817412555e-02
5.158664294229e-01,4.810781360588e+00
3.593638555471e-01,1.130220024780e+00
6.296780743447e+00,5.606302905360e+00
3.752620521332e+00,6.713108374024e-01
3.917099210005e+00,3.831733202274e+00
4.207273243406e+00,2.169110928283e+00
-2.656870833003e+00,1.971628490788e+00
-1.653788306155e+00,1.322309295954e+00
-1.423787230746e+00,2.332416308902e+00
-2.388761960036e+00,1.949936696639e+00
5.125245616427e+00,6.764672648996e-01
-4.426206108006e-01,1.041757947464e+00
6.862435338708e+00,5.470112704799e+00
4.825439209663e+00,3.045933335118e+00
6.573586589944e+00,5.986079311865e+00
-2.021875784278e+00,2.638964610837e+00
4.692640361430e-01,5.608628909525e+00
3.856677887352e+00,3.902997067002e+00
5.617276821267e+00,3.811148079486e+00
-2.448748305822e+00,1.716389420552e+00
6.494539739561e+00,5.843879651616e+00
1.664398683964e+00,5.133986659813e+00
-1.984776847847e+00,1.743643463285e+00
5.315489931264e+00,4.526656838473e+00
4.378583690339e+00,-4.030953991931e-01
7.728587191168e-01,5.608202534311e-01
3.182795559900e+00,5.650330052048e+00
3.292709492811e-01,-5.621815263043e-01
3.278833161750e+00,-5.066534356123e-01
-1.856762699082e+00,-2.164501179493e+00
5.180312373455e+00,4.196490367013e+00
-2.194165973954e+00,1.307873221520e+00
5.451419813008e+00,2.152454397466e+00
-1.849278007146e+00,9.745762079566e-01
5.965245124518e+00,4.421185806610e+00
1.241360590089e+00,1.145672902640e-01
5.948135825423e+00,3.423586512004e+00
6.973976347495e-01,1.099628884447e+00
5.089659688420e+00,1.683721491379e+00
8.270719415932e-01,9.198991836010e-02
6.666721565110e+00,4.491755155739e+00
4.835117862888e+00,1.686764047010e-01
1.235108759107e+00,5.449724204535e+00
6.248078726057e+00,5.286530572575e+00
1.570470042465e+00,-4.057663856444e-02
-1.012151952953e+00,2.388351780666e+00
-1.729280737302e+00,3.147763463813e+00
5.869416565897e+00,2.081042583480e+00
6.142951508462e+00,4.718505667185e+00
-8.584471070302e-01,6.921798961659e-02
5.669208308214e+00,1.418745515968e+00
3.468847312968e+00,-8.468474320185e-01
1.545543436574e+00,1.374115480679e+00
5.469758043576e+00,1.473094816061e+00
3.661364500322e+00,5.823591842447e-01
3.970158914028e-01,2.695587219663e-01
8.862586685813e-01,5.427750483653e+00
5.042493478619e+00,3.529771066775e+00
3.272056798323e+00,6.012997144609e+00
-2.008368918771e+00,2.226340615569e+00
-1.856752974116e+00,3.411446188114e+00
4.375013658971e+00,4.234085850486e+00
4.698235448742e+00,3.204666584220e+00
6.258722982059e+00,4.989723889829e+00
5.958450599002e+00,2.867255069391e+00
4.586146279087e+00,1.811987991735e-01
5.003038323777e+00,-2.987871114868e-01
5.347532156362e+00,1.123264972274e+00
-2.339596934671e+00,-2.117036509290e+00
3.998856541891e+00,3.971758888243e+00
-1.723602085513e+00,-6.223318427063e-01
-3.969518658260e-01,2.571266726535e+00
-2.513018685128e+00,2.370135267455e+00
5.294064055485e+00,5.349188359085e+00
-1.568821292179e+00,2.670872111721e+00
5.526622317093e+00,7.965370294552e-01
3.228383237815e+00,-1.927112180456e+00
7.803666736221e-01,7.152227718385e-01
4.874373638149e+00,4.792128388110e+00
6.941784077824e+00,5.474788576418e+00
6.294228827032e+00,4.200815826995e+00
6.174361798241e-01,2.259059906731e-01
-3.192604078743e+00,1.067133853508e+00
6.505094205916e+00,5.935813266383e+00
2.190164340366e+00,4.663606269959e+00
-5.773618511379e-01,2.497371334199e+00
5.430613850310e+00,3.873156586672e+00
2.859137597549e+00,5.662190507252e+00
6.359866044751e+00,5.803872732605e+00
-7.387420054330e-01,3.270617976011e+00
1.586841841455e+00,1.140320799371e+00
5.858251794603e+00,3.156171710296e+00
-1.245219083944e+00,-1.597324957410e+00
7.778665696574e+00,4.686297885433e+00
5.106996205909e+00,4.981537413988e+00
3.799379943987e+00,7.969732696648e+00
-1.292323915160e+00,-1.194475766656e+00
7.271137613559e+00,4.578876021914e+00
5.653054916383e+00,2.291829034127e+00
6.272244078567e+00,4.020807409580e+00
1.211191996210e+00,5.591130037455e+00
6.974913610220e+00,5.656917758897e+00
5.882773976790e-01,1.138293880834e+00
6.161155539928e+00,3.540646852960e+00
-1.643146377506e+00,1.693096545301e+00
-7.311039869846e-01,-1.333175697188e+00
-4.577128333070e-01,-8.814332295003e-01
-2.198369305044e+00,1.185478036471e+00
-1.341226487487e+00,2.768683165871e+00
6.176976502390e-02,5.818678958445e-01
-7.848429787884e-01,-1.005260459036e+00
7.247520012649e-01,6.242498366621e-01
4.619183980448e+00,4.749612995359e+00
6.679452993085e+00,5.017044734147e+00
-1.179832299622e+00,-4.373286540620e-01
5.663574995502e+00,6.889826764202e+00
5.814551710374e+00,5.012613248662e+00
1.054291360769e+00,4.927204761863e+00
3.134637382682e+00,-1.524676453674e+00
6.666560562312e+00,4.715004992890e+00
-1.999179421954e+00,1.682487114383e+00
5.789892556280e+00,4.354906105161e+00
3.801898879418e+00,-1.751446109887e-01
1.635935492554e+00,5.736379124562e+00
6.292515923361e+00,4.984763207256e+00
1.415548687932e+00,3.934065924754e-01
-1.891379218829e+00,2.138453388315e+00
-1.312910511897e+00,2.406200856967e+00
4.410636880035e+00,3.135299572973e-01
1.603354176710e+00,-1.617063184611e+00
5.591063378506e+00,4.516114723552e+00
2.875633264736e+00,5.832789949378e+00
5.418469154040e+00,5.471067350005e+00
1.563468895869e+00,3.688522562346e+00
6.161934076989e+00,4.769438789712e+00
4.002094790979e-01,-7.652248494827e-01
6.536893556559e+00,5.245101846899e+00
6.230282920416e-01,-1.606252832442e-01
4.948238079497e+00,6.595083269903e-01
1.044371813962e-01,4.705173900279e+00
3.575334006495e-01,1.224233600605e+00
-1.867953422805e+00,3.419957417800e+00
4.830532547265e+00,-5.058034407036e-01
-1.010255397144e+00,2.715189809160e+00
5.520443227481e+00,3.680462541961e+00
-1.899995031719e+00,1.853338435064e+00
1.738344961085e-01,3.861441564692e-01
1.554386030328e+00,5.016918099864e+00
-1.337642109630e+00,2.561802156088e+00
-2.423052550428e+00,2.034287082620e+00
1.162298406331e+00,4.337699875393e+00
-3.323854504528e+00,1.581586221392e+00
7.541538702050e+00,5.347965877294e+00
1.029678360290e-01,4.996254088142e+00
4.220990973482e+00,2.146780085818e-01
4.188939985137e+00,6.807750511306e-01
4.754362910259e+00,3.849610295201e+00
6.832723607267e-01,1.635424651233e-01
6.759572638270e+00,4.408916854844e+00
-1.303796489987e-01,-1.364403908283e+00
3.796250681410e+00,-3.065496229283e-01
-7.038436620700e-01,2.516593752763e+00
-2.119539413226e+00,1.021579572518e+00
-4.755857070248e-01,2.802362641974e-01
8.274845240581e-01,4.102086791976e+00
-1.099127438217e+00,-1.039302245645e+00
-8.386252297294e-01,-8.029890395894e-01
-6.205540859555e-01,-2.513280567638e-01
-5.530224085727e-01,-1.494329676079e+00
3.891569366026e-01,3.270806106424e-01
1.540859382914e+00,4.504778296012e+00
2.464391324737e+00,4.508455620574e+00
5.497149107373e+00,3.917223313411e+00
8.549179318228e-01,1.571426822395e+00
3.871551606707e+00,4.938983386647e-01
6.176663750227e+00,4.935892476785e+00
5.867600423842e+00,3.557060506570e+00
4.861939257309e+00,3.390076976287e+00
4.107471940978e+00,9.912446721880e-02
-2.860579156735e+00,-1.178933727731e+00
-1.878914672294e+00,2.067499262849e+00
-2.819579266372e+00,1.741014548247e+00
4.630335934773e-01,2.234497124754e+00
1.521880714199e+00,-2.210656234442e+00
5.453883338175e+00,4.284632030618e+00
-6.739936865829e-01,-9.512669413141e-01
8.484234747035e+00,7.120826038801e+00
-1.557099141991e+00,-1.443457294823e+00
5.243579345223e+00,1.481359634368e+00
5.947081122190e-02,9.469312668508e-01
6.910337647109e-01,1.770768333823e+00
5.215135282407e+00,3.562888015119e+00
4.391200142037e+00,5.886763280555e-01
1.373195338847e+00,6.185496300994e+00
6.412755581420e+00,5.300451141198e+00
-2.995458075300e-01,1.194103228431e+00
1.126312640696e+00,4.821764953037e-01
6.759208510076e+00,4.859381089610e+00
5.324198180878e+00,4.332846280009e+00
-1.454546297008e+00,-1.831230447104e+00
-1.062850424908e+00,-3.160752254140e-01
-2.078702285009e+00,1.769791708592e+00
-8.623162162689e-01,2.356734662767e+00
-2.348526684171e+00,3.925982527937e-01
3.751983418145e+00,1.059389809367e-02
5.030198175542e+00,2.155310240283e-01
5.037002626592e+00,4.077347824553e+00
7.012685782733e+00,5.177937403049e+00
6.011287208423e+00,4.689315527399e+00
5.931665386740e-01,7.808884609588e-01
-8.184378540900e-01,2.083018631697e-01
5.677359076838e+00,3.683313539571e+00
-1.540992777588e+00,6.003667992141e-01
-3.363968269461e+00,1.827914618708e+00
5.680040266929e+00,3.984135692235e+00
4.560637611475e+00,1.115850992333e+00
2.493327439606e+00,-1.181925621889e+00
-2.275311874014e+00,2.776903406913e+00
-4.526056213627e-01,-1.608394281403e+00
-3.069049340197e+00,8.759131358317e-01
7.211330556558e+00,4.588347318402e+00
-2.266155916895e+00,2.251533781243e+00
-1.049218973499e+00,-2.089265004148e-01
-2.684387760988e+00,1.755490559834e+00
6.905362136672e+00,4.995979637168e+00
3.998323310158e+00,1.843938499908e-01
-2.027116028915e+00,2.574722940587e+00
1.133129578943e+00,1.408258115324e+00
5.453467004366e+00,6.056064412293e-01
4.376999633603e+00,5.798314729182e-01
6.438357346603e+00,4.265055119894e+00
4.978709557615e+00,1.682079225463e+00
3.664961201925e+00,1.370531314982e+00
-1.007602242571e+00,-1.195187167792e+00
5.550442927957e+00,3.768163844630e+00
6.399585892730e+00,4.790728268161e+00
-2.770314087989e-01,4.954688123079e+00
-2.540032990440e-01,-2.177366045427e-01
-4.713805888835e-01,-5.637945632534e-01
5.518298839847e+00,4.888516438636e+00
6.981600977260e+00,6.260374040428e+00
6.109570370485e+00,5.451822715205e+00
8.143212706460e+00,5.426216038829e+00
4.881877609777e+00,2.874671254624e+00
1.429431824096e+00,4.345904378067e+00
3.128898775986e-01,1.930823311457e-01
7.090060365696e+00,5.327185106769e+00
-4.151774889714e-01,-4.284877281954e-01
7.289081000177e+00,5.575985607384e+00
-1.175813664492e+00,2.390840339957e+00
-5.791059261013e-01,2.551908495418e+00
5.377123105952e+00,2.678102686959e+00
4.518705882734e+00,3.646345045825e-01
6.470150149858e+00,4.491627047259e+00
6.258576572434e+00,5.440369314568e+00
5.966782006041e+00,5.337561235884e+00
-1.123003838624e-01,1.664786172485e+00
-5.547615394469e-01,-3.383014666463e-01
7.085404422855e+00,5.332608327804e+00
5.580607318312e+00,3.794391796078e+00
6.224318000977e+00,4.086052535422e+00
4.890332221354e+00,2.805246511047e+00
-9.993736500288e-01,3.165312200614e+00
-2.985621211384e-01,-1.324962693513e+00
5.200726469942e+00,9.563606383304e-01
-2.528696254370e+00,1.166604475206e+00
-1.328371545521e+00,2.441116721709e+00
1.776788018328e+00,6.124403840954e+00
1.771201154119e+00,5.524603104251e+00
5.637779189190e+00,4.941388628124e+00
2.337599750696e-01,5.095222916655e-02
5.998834485603e+00,4.472241047816e+00
-3.712779473199e-01,2.899127414012e+00
2.075106704065e+00,-2.395085732324e+00
4.060925172566e+00,-5.965827184967e-01
5.169265252097e+00,4.419969106938e+00
2.689075618389e-01,5.155644420229e+00
3.489968743403e+00,6.246481299254e+00
-2.586168267240e+00,1.644578552981e+00
7.442537816142e+00,6.304673398810e+00
5.316445505610e+00,4.017490836615e+00
-2.491548663583e+00,2.049409693302e+00
5.458576066582e+00,1.530939098808e+00
6.763041289311e+00,4.653186831326e+00
-2.451021274113e+00,1.759191363987e+00
-1.373046006024e+00,2.259488811720e+00
-1.563569747407e+00,2.717390626758e+00
1.322235329251e+00,4.698371181276e+00
-7.527800034427e-02,7.803697917474e-02
-1.811180493051e+00,3.167065654435e+00
2.145532170334e-01,-2.041690835380e+00
3.764056296673e+00,2.582815074266e+00
5.563209202972e+00,4.101777253650e+00
-6.896524408882e-01,5.357875358677e-01
6.483495716049e+00,4.750099497824e+00
5.359754382021e+00,4.489613955087e+00
4.168674352185e+00,6.140255775296e-01
-7.057791133551e-02,5.207938342160e-01
5.997515857775e+00,3.725872189723e+00
4.280558328980e+00,3.113114015408e+00
7.082858734553e+00,4.816691726054e+00
-1.097746420860e+00,1.666421825777e+00
2.457422342144e-01,5.004679079651e+00
4.942028658307e+00,2.218145245623e+00
3.275170389916e+00,1.625514611513e+00
1.610325381577e+00,5.735771905486e+00
5.724633498337e+00,3.997690370304e+00
5.733477935047e+00,1.088842595733e+00
5.020068152369e-01,1.153351878419e+00
4.289433429536e+00,4.418970442293e-01
6.021400214008e+00,4.174840574772e+00
6.286747597310e+00,5.267297149984e+00
-1.164698650063e+00,2.771302628226e+00
-7.944335829994e-01,-3.995496668794e-01
-2.911741769775e+00,2.140419887934e+00
6.760441963814e-01,5.373502216146e-01
4.454540514978e+00,2.774398229642e+00
6.326307851148e+00,4.783613875764e+00
-3.124239538465e+00,1.789082259162e+00
-2.145324445492e+00,2.302235510771e+00
4.313731052542e+00,3.202015261519e+00
3.761276804845e+00,2.334909821814e-01
6.351324743888e+00,3.924865497372e+00
5.297212018481e+00,1.226531273687e+00
-4.221940665846e-01,2.598768164407e+00
2.363435200623e+00,5.028956472234e+00
5.363115074376e+00,1.169157236826e+00
6.299072706794e+00,5.467139977026e+00
6.639750545200e+00,5.374205636079e+00
-1.417056289300e+00,-1.683317309928e+00
3.822275123851e-02,3.793112033494e+00
5.744018933608e+00,1.039938072854e+00
8.340242106751e-01,4.173195856427e+00
5.848243972806e+00,5.183294531597e+00
4.212919765249e+00,3.764234204275e+00
4.707876919682e+00,2.986649158855e-01
6.874638509685e+00,2.792953162653e+00
5.695713223377e+00,4.241146515540e+00
6.534717626435e+00,2.171664304184e+00
6.056650769174e+00,4.768639782584e+00
4.901329676667e+00,1.351231658591e+00
-2.208665017512e+00,3.215388873232e+00
7.297022943731e+00,6.020187087242e+00
4.634338844768e+00,2.631421180080e+00
4.609307059277e+00,3.043145448252e-01
-3.369235596537e+00,1.709818597586e+00
-1.807365528553e+00,2.115584193209e+00
3.309474953702e+00,1.511415113924e+00
4.003007932862e+00,3.577223915664e+00
6.952738901988e-01,4.024409048888e+00
1.115436524971e+00,-2.930889942031e-01
5.468187145213e+00,1.826476419590e+00
5.610864166247e+00,9.369239264384e-01
7.804639730004e+00,5.905330431813e+00
-9.184824136888e-02,-8.268662406070e-01
5.468361784283e+00,1.927740170402e+00
5.953231014128e+00,3.555004240609e+00
1.731844379200e+00,5.638741225591e+00
-1.120149465696e+00,-1.148901131634e+00
-2.919680915641e-01,-1.291029961025e+00
-1.889636087205e+00,2.057503829447e+00
6.312684938387e+00,5.027671024702e+00
5.024838678979e+00,3.833945223827e+00
-3.392841387234e+00,1.205982855929e+00
-2.249612546378e+00,2.373337155783e+00
-6.374483093494e-01,1.156961579049e-01
-2.198600736150e+00,-1.482685969939e+00
4.239654712562e-01,-4.388537191198e-01
9.887206652823e-01,5.706262418358e+00
6.882731261519e+00,4.668277250579e+00
1.145321489688e+00,1.416113911286e+00
7.159743542568e+00,4.590760004774e+00
8.522968691584e-01,4.753294767652e+00
4.729854014282e+00,3.692146135841e+00
4.867835110244e+00,1.483104130908e-01
4.966723317283e+00,1.312816325602e+00
6.744825333428e+00,4.834943255081e+00
6.478525573469e+00,4.988031446759e+00
1.906745660450e+00,5.610180901723e+00
4.887726057753e+00,3.615644928407e+00
3.459517983719e+00,3.088644557974e+00
4.311632366394e+00,1.202808367945e+00
3.554853406903e+00,-5.509655259776e-01
-2.392951326441e+00,1.892835145688e+00
4.614608409713e+00,4.321986920885e-01
7.725868071408e+00,5.050830838804e+00
5.544860112445e+00,1.644284934528e+00
5.756675796298e+00,4.905974060612e+00
-2.120124649140e+00,1.942056482455e+00
-1.069148413935e+00,2.332847689695e+00
4.531133167743e+00,3.730083107893e+00
2.805743968578e+00,6.331748725856e+00
5.295615099751e+00,4.008933145341e+00
-4.829360186171e-01,1.958897104108e+00
1.321632938145e+00,2.658765098983e-01
3.502817612544e+00,6.307318571967e+00
-3.381703563690e+00,1.508522736351e+00
6.682810981183e+00,5.165529029178e+00
-2.784844632173e+00,1.957223465981e+00
-6.303329229336e-02,-2.359500068821e-01
4.500270440139e+00,3.201805712291e-01
-1.439622525444e+00,-7.581425042260e-01
4.610215637653e+00,3.586806416631e-01
-2.389046956733e+00,1.951308515297e+00
5.480138692258e+00,3.438736603866e+00
-1.594025808614e+00,1.026361559655e+00
-1.497576052039e+00,2.188663448796e+00
-1.114369372712e+00,2.815533373413e-02
3.579117482334e+00,-6.040480922590e-01
2.675552504641e+00,5.840083740130e+00
7.193122082279e+00,5.714066698552e+00
4.168261703415e+00,-5.684562713574e-01
-8.161278541881e-02,-6.643332760698e-01
5.783608928248e+00,4.145478795531e+00
-2.272178775092e+00,1.759497119380e+00
-1.507940396082e+00,1.660090107911e+00
5.184515861168e-01,5.121061996969e-01
4.366474485620e+00,2.100056314349e+00
-6.207136556923e-01,2.317552888231e+00
4.638269608300e+00,5.954155535482e-01
-2.788272240207e+00,1.691630250125e+00
5.043362481387e+00,7.759591729086e-01
2.082518258846e+00,1.196367567044e+00
7.084662695187e+00,4.967889838672e+00
6.147948290088e+00,3.021384918378e+00
-2.287800359212e+00,2.026197912799e+00
6.258936901036e+00,1.388233890242e+00
-3.898243499388e-01,-4.677779226099e-01
-8.912515033276e-01,-6.085079870805e-01
4.101745407408e+00,5.234863812769e-01
-7.655798726896e-01,2.546444163526e-01
1.931000661536e-01,-5.142588488904e-01
1.350506285723e+00,9.125282322385e-01
6.429094304840e+00,4.406065293917e+00
-1.988053033899e+00,1.512868647617e+00
4.828904706069e+00,4.498199564333e-01
7.233933775093e+00,5.486343790471e+00
-2.968404997902e+00,1.515245666945e+00
-2.006936462578e+00,3.902555459610e+00
5.041691104380e+00,6.872795718307e-01
4.441651533057e+00,-5.478301305095e-01
-1.637285066269e+00,6.791570811154e-02
1.611570744203e+00,-5.641279019366e-01
1.009732179837e+00,-5.551393387081e-01
-2.018730000600e+00,1.278854703858e+00
8.325473142885e-01,9.360158212507e-01
6.063026687402e+00,1.932242133234e+00
1.121461284809e+00,1.571848094420e-01
3.132015966166e+00,-1.293602542001e+00
5.904645108427e+00,4.866943001591e+00
-2.156071717326e+00,1.209891557559e+00
4.997599064945e+00,7.842427424759e-01
1.428961766787e+00,5.392055995177e+00
5.861691175214e+00,4.578044037007e+00
5.622781886081e+00,3.139145385409e+00
3.513602908273e+00,-1.368509188287e+00
3.719803893514e+00,-6.698678357265e-01
-1.493578825447e+00,2.661081384505e+00
3.696882928971e+00,-2.031400094030e-01
5.404401095323e+00,4.310771155349e+00
6.720468213192e+00,1.036578631184e+00
-2.971922475061e+00,4.222488029977e-01
7.777741933113e-01,-7.345872733843e-01
6.670836105293e+00,4.666179640278e+00
6.174162691332e+00,3.818886575350e+00
7.186545117795e+00,6.071703473830e+00
4.786986098695e+00,3.745597050722e+00
3.252416177523e+00,2.505030076861e-01
1.106562136521e-01,4.052580931874e+00
4.292497314704e+00,1.540094845990e+00
6.778266164212e+00,6.127692217681e+00
5.615418405500e+00,3.038179675858e+00
6.423197479746e+00,4.846253719891e+00
5.776025500684e+00,4.238407361124e+00
-2.197583974806e+00,1.784693009433e+00
6.680908559704e+00,5.253253510349e+00
1.519171971421e-03,2.635527858756e-01
7.160096310753e+00,6.278586888014e+00
6.439969843828e+00,4.179253474046e+00
3.725542361816e+00,-7.035018628414e-01
5.737196944037e+00,1.259404004143e+00
-1.964073583855e+00,1.073069899498e+00
5.961865423973e+00,6.119714433263e+00
1.189786969546e+00,4.403737434620e+00
7.227785706141e-01,4.522103548990e+00
