4.701126154863000117e+00,7.091937742635999742e-01
4.444959223708000451e+00,2.608322649295000129e-01
-6.355715225143000469e-01,3.925277673845000148e+00
1.954842818185000164e+00,4.047800570116000252e+00
4.637095809087999676e+00,-2.154629385479999992e-01
2.655023107343999822e+00,5.744622447026999978e+00
1.798356498515999879e+00,-1.396602368391000049e+00
3.644737328510000207e+00,5.019465281910000520e-01
3.732560386815999554e+00,-8.390887803522000254e-01
3.756448612099000162e+00,-4.727557670808000267e-01
4.404659219463999520e+00,4.774400318019000333e-01
-1.617602436125999965e-01,3.803213902183999906e+00
4.928477289404000317e+00,1.820423405403000183e+00
1.415903607271000064e+00,5.394917826730999622e+00
1.862008323068999882e+00,3.771901602268000087e+00
3.433240348540999687e+00,6.195634704028999629e+00
4.541545279014999714e+00,6.488851138581999134e-01
3.539805977998999875e+00,-1.176894316707000065e+00
2.609757825930000052e+00,-9.514925703318999339e-01
4.900070910904999799e+00,6.339549559253000455e-01
2.835102783582000185e+00,6.292331687486000469e+00
2.501400228652999935e+00,6.300856274376000599e+00
4.476305837963000300e+00,-7.484908747463001055e-02
1.678319970221999968e+00,4.901409942355999583e+00
6.360784348991999515e+00,7.485012566736999329e-01
4.268123608240999900e+00,3.309256083414000016e-02
3.212192988715999675e+00,1.231206489568999890e-02
1.147320390088000019e+00,3.718046037252999980e+00
1.046767758407999960e+00,5.267911407614000119e+00
4.080964914259999965e+00,9.692748721878000628e-01
1.075902182037000054e+00,4.739669547744999711e+00
5.841090697390999509e+00,8.748143533201999666e-01
-1.130724974250999937e+00,3.903066712068000044e+00
4.366973437617000187e+00,1.829048340169999953e+00
5.082425079407999924e+00,2.025104474697999812e+00
-1.025183136137999940e+00,4.664108452972000052e+00
4.650828415678000205e+00,7.019846975136000422e-01
5.000759522221000175e+00,8.439868055816999171e-01
2.567671468657999778e+00,-1.419047932130000023e+00
1.628987966281999933e+00,4.335666648611999463e+00
1.692532111597999878e+00,4.473139361370000344e+00
2.489091781432000161e+00,6.074707669573999880e+00
2.019539923321000074e+00,5.399693456611000641e+00
5.694012113080999526e+00,2.521442298026999929e+00
4.430741201708999988e+00,1.076063252513000057e+00
4.212956144754000043e+00,4.911864112762000523e-01
5.074213269202999754e+00,1.655132779724000081e+00
4.905904617652999455e+00,1.703877702749000134e-01
3.053182386811000182e+00,4.254988730344000381e-01
4.047699272143999494e+00,5.135534828308999794e-02
5.342863366640000500e-01,3.785669132074999776e+00
3.032063660648999903e+00,1.924227437708999899e-01
5.150159790100000023e+00,3.366685275469999961e-01
5.203135112646999794e+00,2.322719635992000153e+00
3.595688174441999951e+00,3.582240246271000128e-01
5.347324094031000286e+00,1.698318129763000117e+00
4.378007196676000135e+00,4.432688934362000177e-01
5.289106189732999397e+00,-3.773349270223999574e-02
1.083992161438999818e-01,3.543294660328999868e+00
5.199891915465999936e+00,1.279048779490000065e+00
5.815212941368999466e+00,1.727207935085999901e+00
4.732201691381999531e+00,6.855618912758000283e-01
4.507566222208000184e+00,9.063132072946999962e-01
5.167997698299000575e+00,1.611331153345000100e+00
3.565392952022000017e+00,-3.258957772582000145e-01
1.020175373842000077e+00,5.440537674280999880e+00
3.919028508065000249e+00,5.894683912664999692e-01
1.429012389736000088e+00,5.492972411647000008e+00
4.940678769500999934e+00,1.257376180555999978e+00
5.942541998863999808e+00,5.708241198565000563e-01
2.633214589552999918e+00,5.895753333128000762e+00
4.910528209159000235e-01,3.470836376518999788e+00
1.709010228709000101e+00,5.354397345944000186e+00
1.108711578877999981e+00,4.286092325435999939e+00
4.089851208794999415e+00,1.124587330653999961e+00
2.626737085812999695e+00,-6.290394346720000751e-01
6.984585111347999309e+00,2.558164502701000043e+00
4.416349556046999858e+00,1.353660138509999999e+00
5.424249818327000483e+00,-8.728687466228998715e-02
1.369292587560000163e+00,5.862846465017000241e+00
5.310065137362999899e+00,6.235948706524000462e-01
4.174546976260000264e+00,-3.879696256289000278e-01
4.269040238278999588e+00,-5.261984286777999786e-01
3.950881655492000100e+00,2.989318223662000285e-01
3.187265514341999673e+00,-8.820210404668999971e-01
1.796351063161000017e+00,4.707996516647999563e+00
3.839756756938999871e+00,-8.871876541515000270e-01
2.084050880952000195e+00,5.216252268998999853e+00
6.327745317746000353e+00,2.131959526666999949e+00
3.951371399639000082e+00,2.995968872274999972e-01
1.375605680777999829e-01,3.524956690009999782e+00
6.398319044102000142e+00,-9.746119366421999997e-02
1.155649890876999875e+00,4.018541174430999341e+00
3.705139681898000248e+00,1.755818434228000102e+00
2.115632606192999976e+00,6.876036678503999688e+00
1.962278019600000034e+00,5.134030534239999888e+00
2.185949500482999852e+00,4.939878338986999573e+00
4.378697400881999435e+00,7.019828717772000348e-02
2.760950368840000002e-01,5.026809655010000100e+00
3.770816342953000166e+00,-2.533839402343999736e-01
3.411048438773999880e+00,6.207043532966999289e-01
5.107287012451999786e+00,1.387786638372999981e+00
3.049721702631000397e+00,-1.834399370464999901e+00
2.155849659005999897e+00,4.691861831096000301e+00
4.000895947034000422e+00,4.278560291199999810e-01
2.025952713145000139e+00,4.807385344499000013e+00
4.671911186175000452e+00,7.017220494401998909e-01
3.461895424148000000e+00,-1.074737974362999920e-01
3.704315631284999633e+00,7.240997483629000309e-01
3.692318981447999970e+00,9.455390326609000029e-01
5.113823576765999412e+00,1.986144642583000053e+00
3.987037257284999914e+00,5.306775070164999608e-01
4.178720908543999357e+00,-3.982632600046999705e-01
4.583249316029000653e+00,9.328924368376999565e-01
5.157295654858999434e+00,2.764101966775000196e+00
4.232825370456000158e+00,-3.828175719037000407e-02
4.636125806675999605e+00,1.185207608809000002e+00
4.305884603274999556e+00,-2.828726928692000264e-01
3.812878145976999811e+00,1.511991317247999844e-01
3.356001350566999886e+00,-6.504537137192000218e-01
1.746048368787999960e+00,-1.161888165629999969e+00
8.141568827974000611e-01,4.613191254082000370e+00
4.612010972063000480e+00,3.943785549214000041e-01
1.965936519817000017e+00,3.705557130224999884e+00
5.030786477248000210e+00,2.803083533375999928e-02
1.748819152855999981e+00,3.800301192059999611e+00
4.439605519101999853e+00,-6.879473915138000217e-01
2.157097362297999976e-01,4.472066377455000463e+00
5.634055962876000301e+00,6.051550539255999839e-01
5.980434177834000664e+00,2.968210197157999941e-01
2.172900610764000096e+00,5.492660199298000201e+00
3.635188469601000172e+00,4.762474244686999980e-01
4.870010206120000129e-01,4.429490266842999624e+00
2.053464934615000015e+00,4.451220095457999903e+00
4.592990092078999886e+00,9.063795468844999537e-01
1.119503738473999865e+00,4.199138501014000546e+00
4.444989468353999662e+00,1.104117984845000011e+00
2.053751769968999774e+00,4.944509987708999965e+00
7.205641309292999175e+00,3.121556200424000060e+00
3.522172743043000320e+00,-1.231546916239999900e+00
6.148291683661999407e+00,2.008740909017999954e+00
1.903471003255000071e-01,4.995796737203000326e+00
1.811656610025000003e+00,5.327304641122000639e+00
2.206614199092000295e+00,6.167431061189999397e+00
5.874820760276999287e+00,5.413811430086999943e-01
9.634569172481999288e-01,4.728090663340999811e+00
1.993031394494999997e+00,3.761020829241999763e+00
4.238303232560999945e+00,1.073630804024999996e+00
4.490509648413000043e+00,9.331290192173999909e-01
3.795732842937999951e+00,3.844910755484999831e-01
5.316365972618999791e+00,5.581731654295000178e-01
1.422449522181000070e+00,5.233685392623999455e+00
9.797443062675998959e-01,5.206965580558000184e+00
4.897945086693000077e-02,4.600043099509999678e+00
4.576119864923000158e+00,1.224151841794999918e+00
5.971826545555000365e+00,1.483189143768999907e+00
2.464634220328000058e+00,5.758609004998000103e+00
-2.246952909993999575e-02,4.446647370663999510e+00
3.091325207839000222e-01,3.054289314969999669e+00
4.759389442168999729e+00,1.399104147095999950e+00
-3.154528299940999592e-01,2.654425171739000167e+00
1.946972221958999993e+00,5.112816702861000095e+00
5.866851098658000474e+00,1.062912157452999967e-01
2.618711195473000242e+00,6.569192413718999646e+00
5.521504563342999994e+00,1.307893833469000011e+00
6.787204236642999433e+00,1.554837628600000077e+00
5.811814317482999925e+00,1.694456245225000046e+00
4.056923185328999537e+00,1.657370257226000065e+00
5.110124420368999942e+00,2.364724595445999888e+00
7.131453212898000160e+00,2.426657063264999969e+00
1.542988024101999978e+00,5.321216476883999569e+00
2.380813983882999807e+00,5.640614530068999599e+00
4.473064296192999834e+00,3.637435524540000038e-03
5.828617313918000420e+00,1.758966641861000157e+00
4.491150219325000137e+00,-2.316127014707000109e-01
1.526495108890999930e+00,3.997743560709000388e+00
1.657378697874000162e+00,4.633329293341000188e+00
7.216500425248999484e+00,2.508067518407000041e+00
1.316949930537999913e+00,3.789032718874999706e+00
5.350038167221000229e+00,1.341432162939999895e+00
1.097255582319999867e+00,4.338687330542000176e+00
6.706972822195999662e+00,1.472464577632000227e+00
3.657488173806999754e+00,-5.934290142973001059e-01
1.805848696857000002e+00,5.837253289213000684e+00
2.443531830154999973e+00,4.488434230083000465e+00
7.918991029084000433e-01,3.792368776393999941e+00
4.772435576673999869e+00,2.570466236782999458e-01
4.338997694769999747e+00,-4.767979382054000070e-01
9.403527557515000135e-01,5.162480036445999509e+00
3.850459301794000311e+00,4.863790862057000286e-01
1.518299236240000072e+00,4.704328718398000042e+00
4.211099668461999457e+00,2.977804688720999682e-01
3.643900004684000216e+00,1.733814154617999981e-01
5.346259831804999862e+00,3.852272703096000228e-01
2.077563028676999934e+00,3.998164965118999881e+00
7.735576222850999439e-01,4.024459384727999911e+00
4.416362551769000611e+00,1.161166488998000013e+00
1.536829579059000084e+00,5.960094993264000607e+00
5.826481141761000515e+00,9.146598038226999572e-01
5.283885479629000237e+00,-5.432929891548999857e-01
7.798022162755000597e-01,4.021175068038999711e+00
1.060369259513999962e+00,4.727131989712000326e+00
4.390003154545000008e+00,-3.146906078595999579e-01
5.743921330212999443e+00,2.367873466323000109e+00
3.267623677917000258e+00,6.899868094261000451e+00
1.636942288422000014e-01,4.188324831169000007e+00
8.974340325999000667e-01,3.866916502701000180e+00
3.273441685831999681e+00,-1.259937441501000031e-02
4.370924075481999793e+00,2.751124466850000116e-01
4.655797815199000489e+00,2.024368721126000192e+00
1.622770216741999949e+00,6.005088147536000065e+00
5.117768628332999725e+00,1.009078033671999997e+00
2.212949223896000017e+00,4.984420373857999742e+00
4.023230883467999952e+00,9.125096893925999098e-01
4.926852280155999964e+00,-3.934176394294000567e-02
2.479100145457000082e+00,7.074487058173999365e+00
1.430637881613999962e+00,4.573679663732000300e+00
4.069325976451000138e+00,5.486620135423999622e-01
3.882637991582999604e+00,-1.163128559483000091e+00
4.893015476340000225e-01,4.267430500727999565e+00
4.630861719698000201e+00,1.369114152096999826e+00
4.525310322601000301e+00,1.552959570692000080e+00
3.933400123679000160e+00,5.707644803033000702e-01
5.936555021835999923e+00,1.453573917132999993e+00
1.070508694723999898e+00,4.273430654346999980e+00
5.063062962662000288e+00,4.758670970414000112e-01
4.171636693625000447e+00,2.196893125087999998e-01
1.896622952084000113e+00,5.919844101619000654e+00
2.086101699347000071e+00,5.876328597518999608e+00
4.397646340788000430e+00,4.766136148494999891e-01
2.190319638907999966e+00,5.479935713427000366e+00
4.239681067890999522e+00,1.092039778850000031e+00
6.131306450932000329e-01,4.595576366301000526e+00
4.953573664327000081e+00,4.452763200227999874e-01
1.966434567078999773e+00,5.663229439852000446e+00
5.183508351686000104e+00,1.789603702599000146e+00
3.787611878205000338e+00,6.292151499886998733e-01
4.580059344366000040e+00,2.305408150562000102e+00
8.631296100096998991e-01,3.978976039447000179e+00
4.216414075797000116e+00,-6.593256823048000703e-02
2.950439606932999670e-01,2.934126933198000220e+00
4.748736461065999670e+00,1.580207533128999975e+00
1.272009755507000017e+00,4.039353801480999984e+00
-1.445117465981999860e+00,3.174816264667999821e+00
1.179752916044999989e+00,4.010557102585999623e+00
1.450028827512999996e+00,5.402049243039000359e+00
1.109270814539000005e+00,3.354975339207999507e+00
4.041849674146000382e+00,-2.357631456806000003e-01
1.343924319841000248e+00,5.798586343215999861e+00
5.375149410071999867e+00,7.696273917233000805e-01
2.678438584575000281e-01,5.020820619788000094e+00
1.690349004413000067e+00,5.625607523305999891e+00
5.698667658738000519e+00,1.328072723955000090e+00
6.034377750951000152e+00,1.251576098974000129e+00
2.340787935448000123e+00,5.953724906337000355e+00
2.837371365169000015e+00,5.747632926854000068e+00
3.916228843101000390e+00,-1.232124688651000111e-01
2.281595622997000028e+00,4.891516066018000153e+00
5.064394522659000586e+00,2.834147509396999887e+00
5.431222515741000123e+00,7.791207584063001290e-01
4.522168304574000430e+00,1.690983718944999881e+00
-5.789853385300000044e-01,3.087831300748999919e+00
5.125077539920999570e+00,2.027624490748999975e+00
5.941712899884000088e+00,6.460520380960999010e-01
1.139737118632000001e+00,6.152414289516999979e+00
7.784066195038999991e-01,3.251806078486999763e+00
8.970908060354000346e-01,4.825268069822000072e+00
4.494453761151000037e+00,1.465138039119000091e+00
1.966598794844000020e+00,4.569753106635999984e+00
4.186502213923000149e+00,9.781027113927001637e-02
2.673615629082000122e+00,5.438922511177000096e+00
1.333771779526000012e+00,5.822591787196000013e+00
1.912665614815999948e+00,5.654990416420999644e+00
2.988693392228999546e+00,6.420655205340000116e+00
2.673932772266999880e+00,5.297716591536000053e+00
7.120112457923001292e-01,3.744879865005999786e+00
4.963019633747999926e+00,1.674181703302999979e+00
1.486005072969999841e+00,4.446657770490999972e+00
3.658565171026999963e+00,5.772601674817999795e-01
4.042310019401000432e+00,-4.678071380227000198e-01
5.014953665898000068e+00,2.371290689039000088e-01
6.797027833338999958e-01,3.477078321356999790e+00
3.747421890572999903e+00,3.535634882724999484e-01
6.045370699820999949e-01,5.985438622869999392e+00
4.990680023907000162e+00,3.572215239107000007e-01
4.443150561662999820e+00,4.819491719821000220e-01
4.372483785966999825e+00,1.793599312878999819e-01
4.008160613180999476e+00,1.121696763107000061e+00
2.963295546154000260e+00,-9.258408298081000076e-01
6.424300095655000042e-01,4.618907222860999973e+00
2.966579698912000129e+00,5.633954773311000253e+00
3.295599422340000473e+00,-9.013833803756999830e-01
5.764908804543999565e+00,2.475008737255000035e+00
1.323276810614999910e+00,4.403692958279999736e+00
4.615726752061999782e+00,1.103701184444999983e+00
1.072057755674999946e+00,5.526901746308999996e+00
4.475199185122000323e+00,-7.274677305713000974e-01
2.976089248855999791e+00,5.924527375749000235e+00
1.256385963712999931e+00,4.380500274574000485e+00
4.575750484053000555e+00,8.810560043024000532e-01
4.643512276911000214e+00,9.502183720155998881e-01
6.119481427585999889e+00,2.467820735861999903e+00
3.472434292746999773e+00,-8.821660624632000902e-02
4.871928338575999717e+00,1.370004496950000039e+00
1.714456186565999962e+00,5.780015648702000242e+00
1.661524350699000063e+00,5.370133997007999760e+00
1.576660502711000111e+00,5.794167239712000317e+00
3.692236487907999631e+00,-5.152187728618999873e-01
1.315109307726999965e+00,4.444273303956999932e+00
5.074755705233999770e+00,1.330561419520999988e-01
3.319220191302000078e+00,4.406971641395000527e-01
3.961517774629000344e-01,4.403363583238000700e+00
2.316111910852999944e+00,-1.684225045329999837e+00
5.080919673341000475e+00,1.067794643253999975e+00
4.056915268973000366e+00,-2.155929741308000233e-02
3.224412969687000086e+00,5.951289512600999920e+00
4.391163662390999534e+00,2.387033993439000024e-02
4.856364077613000596e+00,1.345140699393999828e+00
2.448983212099999918e+00,6.407183068911000312e+00
3.692214609420999771e+00,5.904199006771999603e-01
2.971018147164000478e+00,-1.107365879113999974e+00
3.018532052993999848e+00,5.876537294627000030e+00
2.066667704611000023e+00,3.997850729148999971e+00
3.069947972950999859e-01,4.667232170673999647e+00
5.250950860119000474e+00,1.346467422910999856e+00
4.413262610371999628e+00,1.122105555350999984e+00
7.437040998699999683e+00,3.782493681660000107e+00
2.520560618403000053e+00,5.794887209001999828e+00
4.949216893061000100e+00,7.799979512058999864e-01
3.782642496254000175e+00,-2.097477294968000117e-01
1.186791838972000024e+00,4.787316195723000156e+00
3.793202958173000017e+00,-8.032999881358000582e-01
2.309171036351999717e+00,5.794644590063000145e+00
-5.756850914239999839e-02,4.793604039472000089e+00
4.256421019244999826e+00,1.118490249711000084e+00
8.419917777398000514e-01,4.445139807722999770e+00
3.628864504014000403e+00,-1.584990413262000186e-01
7.994716564610000464e-01,6.281224243878999580e+00
3.555399809102000042e+00,-2.420386486232999623e-01
5.375520352985999395e+00,3.507258026289000047e-02
1.716677433269999886e+00,3.510346419208999702e+00
4.193140528915000331e+00,1.180366829868999989e+00
1.322541406580000078e+00,4.940637617374999735e+00
3.593857584353000068e+00,-5.753086759375000137e-01
5.243171352584000466e+00,1.798738934641999965e+00
2.374776086442000000e+00,-9.428188585676999800e-01
3.212323546674999974e-01,3.967192668719000004e+00
5.877311915537999809e+00,1.975140630417999921e+00
5.795574147442000168e+00,-1.022875011866000161e-01
2.453446381382999864e+00,5.296171287652999382e+00
1.279584811165000113e+00,4.669588466442999852e+00
4.447092400946999646e+00,1.018778436964000056e+00
7.950399177970999265e-01,5.625670304198999716e+00
3.861485793033999858e+00,-4.490487818185999735e-01
-7.982637402003001093e-01,2.998879509858000336e+00
2.708936452164000475e+00,6.576451273006999720e+00
3.465314722027999839e+00,-1.809216274884000164e+00
3.773711820281999696e+00,-3.286421407455999977e-01
5.065528226625000130e+00,6.793010862258000992e-01
-2.293787337122999911e-02,4.272416665803000058e+00
1.763194287864999987e+00,4.449285362234999930e+00
2.009512663044000114e+00,5.048952004753000544e+00
1.793694858492999922e+00,3.641399425256999667e+00
3.796231865343999701e+00,-7.216874374680000148e-01
5.637087342002999435e+00,3.988585770037999523e-01
3.082240772884000002e+00,5.853004465575999404e-01
5.029733786645000038e+00,1.526104188917000171e-01
2.479315235942999962e+00,5.320114028955000407e+00
1.646341380088000017e+00,5.385102020967999614e+00
6.960901526244999138e-01,5.393585058721000358e+00
3.487141730741999956e-01,4.936281875211999903e+00
4.077826858324999471e+00,-1.437197869977999976e-01
5.717940224942999805e+00,1.432403296549999983e+00
4.563521709350999878e+00,2.522733213636000338e-01
4.336992957907000346e+00,-1.169839184937000010e+00
1.652512460277000050e+00,4.305861261711000587e+00
6.106741187854000330e+00,2.347254476857999705e+00
1.652869506448000125e+00,4.509381645562000607e+00
5.222242661529000074e+00,1.117308474511000016e+00
5.426859422769000574e+00,2.105346488797999793e+00
2.262386216403999839e+00,5.316716276521000317e+00
3.329228065689000093e+00,-1.037435148814000119e+00
2.478710654316000017e+00,-1.288710324153000020e+00
3.662611141488000044e+00,-2.648708867755000113e-02
3.979270421938999824e+00,2.278392742711999874e-01
5.156634377095000055e+00,2.278657524095999864e+00
2.277258604328999958e+00,5.057851551950999891e+00
5.700138441551000135e+00,8.494557744611999084e-01
9.382070977530999611e-01,4.528071771962999925e+00
4.505592614737000012e+00,4.657998017544000557e-01
1.969310443713999881e+00,4.595018209992000280e+00
1.796646149365999978e+00,6.486406046132999315e+00
4.819489662325000090e+00,1.293450735765999893e+00
5.132893310340000070e+00,1.549416581962000050e+00
2.651245142990000137e+00,6.192164282395000718e+00
2.790990017684000346e+00,-7.729932303538000760e-01
4.241888533211000123e+00,4.667061085127999776e-01
4.548371580119000335e+00,1.751625351748999915e+00
2.481278944266000153e+00,-2.142692790161000005e+00
1.099541838846000097e+00,4.878127978679000165e+00
5.920505914320000507e+00,1.791965052452999974e+00
5.644542296817999905e+00,1.594066130324000019e+00
5.945993874651999356e+00,2.176609711610000275e+00
4.240863000514000447e+00,5.455872787085999098e-01
1.664190457627999997e+00,4.527194864463999657e+00
3.977325108476999826e+00,7.032209101000000961e-01
4.215811292155000167e+00,1.001289813646999982e-01
-2.316699968765000006e-01,3.807282811673999845e+00
2.766150346626000012e+00,6.099735405776000263e+00
4.708805671363000656e+00,1.257750700989999970e+00
4.237180006362000206e+00,2.876227854851000007e-02
3.808093685199999801e+00,4.899817045607999799e-01
3.994548586615999763e+00,1.755061571626999939e+00
1.685893247522000093e+00,4.557810349709000342e+00
2.072331156534999774e+00,4.316037528540999979e+00
5.878172879262000272e+00,1.312028170445999953e+00
3.000849546004999979e+00,6.587261482984000383e-01
5.149421141310999595e+00,1.569429520619999963e+00
1.695477338596999894e+00,4.895499146392999990e+00
4.105298448410000134e+00,6.948094824958001015e-01
3.910231281895999889e+00,1.391633455641000106e-01
1.558559581968000041e+00,5.383865070537999564e+00
2.750516361589000258e+00,4.944488978323000161e+00
3.460264346383000067e+00,1.370014293486000012e+00
1.063476744294999943e+00,4.952167896366999500e+00
4.681413235774000370e+00,5.487916705194999245e-02
3.180833463464999955e+00,6.354632119713000016e+00
5.964892138749000594e-01,4.754929887612000527e+00
1.911370018389999759e+00,5.290390274311000063e+00
4.767022976906999610e+00,1.077136138216000100e-01
5.580605137086999790e+00,9.545172402774000364e-01
2.468313790523999796e+00,5.725147252446000756e+00
3.486766435465999958e+00,3.232878749110999483e-01
2.780011890911999739e+00,-1.173183078059000017e+00
5.121695967392000171e+00,7.289957861794000848e-01
6.241211630260999899e-01,5.758226437578000123e+00
5.118030665514000432e+00,-1.054718885311000109e+00
5.718759717892999639e+00,2.598615776830000001e+00
5.425683111773000000e+00,3.970915279914999929e-01
4.660338336728000463e+00,1.877099661071999881e+00
5.252671597017999794e+00,2.322954536116999869e+00
7.375037311518000127e-01,4.872142352585999703e+00
4.717098025032999686e+00,7.178731537388000072e-01
2.032879808061000215e+00,6.671124395541000673e+00
4.107900914896999822e+00,-5.323458128422000613e-01
5.354692981010000352e+00,1.948533589988000081e+00
3.230271158238000151e+00,4.895806751534999890e+00
5.401322944439000295e+00,-2.758719135305999770e-01
3.127134390690000210e+00,-7.152817425861000000e-01
1.697551693684000051e+00,-7.427408477142000143e-01
2.402383048279999933e+00,6.027538533858000314e+00
5.101955561718000354e+00,1.849986933416999824e+00
1.059312254625999872e+00,3.889953704513000154e+00
2.073929552130999721e+00,-7.479465589486999910e-01
5.066177061233999801e+00,1.187349613275999971e+00
2.355286229952000099e+00,4.929782600005999882e+00
1.528948766260999959e+00,5.138743043138999766e+00
-4.876088392949000094e-01,3.550128160848000203e+00
4.234541919351999972e+00,8.896698648997000136e-01
4.106656457264000082e+00,7.634964117658999960e-01
4.842017006173000127e+00,6.519753208494000196e-01
4.627167614299999843e-02,4.823927084764999762e+00
3.937665661228999969e+00,-1.016134515475999978e+00
5.720088444234999514e+00,1.750570563909999988e+00
2.393911153028999816e+00,4.935165749630000320e+00
4.310969477777000236e+00,1.562991299871000217e-01
1.811333236067000030e+00,-1.306716271234000137e+00
1.793025762570999770e+00,6.825082274959000550e+00
5.219909707158000067e+00,1.571058024370000084e+00
4.197793852196999964e+00,-7.447707440198999551e-01
1.686470810642999973e+00,5.769571501341999920e+00
4.844244462179999822e+00,1.080785660277000071e+00
5.141661626139000241e+00,5.239080946452999710e-01
2.686036114413999698e+00,5.169272422967000402e+00
2.966015356438999717e+00,-7.573830107718000360e-01
5.596153637700999717e+00,-8.689803742388001462e-01
4.163140815041000309e+00,3.634314727187999972e-01
4.552607673476999572e+00,9.316299005145000089e-01
5.393821652150000645e+00,1.854161533847999976e+00
4.001667514244999779e+00,-7.508266165779999834e-01
7.988061407650999257e-01,5.586805221105000108e+00
5.004364033124000244e+00,7.985636377888000181e-01
1.102558706459999982e+00,3.891503346736999713e+00
5.099668095192999573e+00,6.794945813476999108e-01
5.551543664105999198e+00,6.209119385910999434e-01
2.774143024682999670e+00,4.837337041522999925e+00
1.535840799907999932e+00,5.469677350983999986e+00
2.507778206675999932e+00,4.471369382785999491e+00
4.723184494965999569e+00,1.327240832319000141e+00
4.576424243337999798e+00,1.062453832079000016e+00
4.531350194390999953e+00,3.874791359940999991e-01
8.015530983027000289e+00,2.886799162465000013e+00
7.845636475596999837e-01,4.372280998657999795e+00
1.515913583762999728e-01,3.211261579267000066e+00
5.109484668410000374e+00,6.863963248603999201e-01
2.408807487540000292e+00,5.427741692833000009e+00
2.811352826189000287e-01,4.811068913364000110e+00
2.996411165277000355e-01,4.383790843776999679e+00
1.425260539961999973e+00,4.720249075168999831e+00
4.524394128963999506e+00,1.386827552341000080e-01
3.109861662674999749e+00,5.700586606064000250e+00
4.737727399410999851e+00,5.209164985537000359e-01
-5.319602074727000085e-01,4.474859325324000103e+00
5.008305751530000016e+00,3.062538557519999816e-01
5.188138011068999411e+00,-1.848971885365000012e-01
2.007023207295000056e+00,5.073389505361999952e+00
6.981094108221999051e+00,2.597265795450999892e+00
4.914436929524999442e+00,4.236532651613000161e-02
6.126013469805999812e+00,1.720081353768999843e+00
3.716991111528999969e+00,-6.816103284099001014e-01
1.529212935094999892e+00,4.251822001607999724e+00
1.765991055898000095e+00,4.162687135907999547e+00
3.459396410885000162e+00,7.367929799995000195e+00
4.199877594844999784e+00,7.302249598896999316e-01
4.567613600512999916e+00,6.356816207919999684e-01
4.452414838954999787e+00,1.441033102662000021e+00
5.683670202291000173e+00,1.218268700534999915e+00
3.596494991731999935e+00,-6.153931839703999929e-01
9.313058341679001373e-01,4.661452135919000206e+00
3.912717126505000032e+00,1.846383021202000041e+00
4.785113992557000095e+00,3.544838515272000223e-01
8.428153185936999581e-01,4.271070860854999651e+00
1.460863006842999967e+00,4.720644750346000507e+00
4.290781686124000238e+00,1.187165001075999982e+00
3.011796392801000088e+00,-1.200863636930999956e+00
5.498551879752000993e+00,3.180674461790999885e+00
2.523371719203999941e+00,5.823593268060999861e+00
1.778769329093999874e+00,-1.382958356529999877e+00
5.054865798654000209e+00,1.505510164544000107e+00
5.122865296176000172e+00,-6.382691822339000565e-01
4.652256705774000523e+00,7.267248155000999299e-01
3.115280092712000126e+00,5.219449729726999720e+00
1.876309079792000123e+00,6.331731443007999616e+00
4.372908124194999857e+00,-4.205636498824999459e-02
5.127947834987999443e+00,2.420942370909000108e+00
2.988264304071999611e+00,1.373650360313999896e-01
1.663273287193999916e+00,4.583522128029000164e+00
2.699195785298999506e-01,4.341126052531000035e+00
2.216502186558000354e+00,-1.013520724409999962e+00
3.939916167737000041e+00,-3.668877551538999859e-01
4.666977429422000334e+00,1.748116382647999789e-01
5.064617759608999847e+00,1.435048422686999947e+00
6.520804296157000302e+00,1.391290077407000059e+00
2.344949611642999976e+00,4.924267573867999737e+00
5.271792466660000009e+00,1.244511476960999952e+00
1.940011787892000017e+00,5.488457961291000053e+00
3.617651901079000254e+00,6.228419362513999857e+00
4.674523028752999743e+00,1.125591792266000146e+00
-1.130308263965000004e-01,4.829902448348000199e+00
4.260189543492000297e+00,1.251865822275000095e+00
5.816019792038999547e+00,1.209494554039999947e+00
4.670497284164000007e+00,4.801438202803999800e-01
3.727795863554999922e+00,1.570425252724999832e-01
4.015180466417000105e+00,8.538711039047000018e-01
1.584007947748999889e+00,5.385926018145999805e+00
5.630047738881000186e+00,1.328900255715000034e+00
4.042923319015000239e+00,1.621312872014000206e+00
1.148302939166000014e+00,4.303961289124000444e+00
4.264185929375999967e-03,4.167730986497000245e+00
2.641535943080999704e+00,-1.025085249666999987e+00
3.311588531280000414e+00,4.010603074854000027e-01
3.457663313487000067e+00,3.151040956292999740e-01
4.170463367875999694e+00,6.352492822561000008e-01
4.754210042659000379e+00,-3.511596916458999962e-01
5.974503782467999180e+00,1.980582908689999977e+00
9.760062386063000917e-01,5.333527514061000119e+00
3.533360165725000002e+00,-9.214921826444999464e-01
3.902291684880999867e+00,3.240847599851000016e-01
1.402804694794999918e+00,4.098618217245999951e+00
4.798859409650999552e+00,6.618260163714999589e-01
1.634816614731000151e+00,4.991458357797999845e+00
2.972389464666000070e+00,5.713468310797000349e+00
3.939980904929999639e+00,1.399352469783999853e+00
5.333174833723999697e+00,5.385076497164000831e-01
3.151248974172000228e+00,4.349531363784000071e+00
4.074157123313000284e+00,-4.353423627405999530e-01
3.554266997207999879e+00,1.387741878757999814e-01
3.518436095244000139e+00,-1.730280818318000069e+00
4.523924677037999942e+00,4.217010339979000433e-01
5.560564907920999111e+00,1.983781678104000079e+00
5.366132589115999885e+00,8.508490566839000957e-01
6.320285921356999514e-01,3.546818774319999701e+00
5.393341361419999203e+00,2.079140200526000015e+00
5.483543065212999501e+00,1.679970229810999971e+00
5.940537119433000335e+00,8.331495242226000242e-01
3.855954093580999942e+00,1.928664353158999978e+00
1.089966102785000057e+00,4.716006997271000145e+00
2.219740702024000090e+00,4.151105433659999733e+00
5.379293795970999881e+00,-3.175243718072000010e-01
3.913839796683999950e+00,-1.205958417826999973e+00
2.954917293207000029e+00,-1.147489112357999996e+00
6.882399423776999203e-01,4.721509858424999706e+00
2.375486180595000274e+00,4.928593499553000079e+00
4.502207314460999754e+00,2.843822835534999816e-01
3.519242277218000314e+00,1.584064177247999916e-01
4.133695824758000015e+00,-7.671903693249000344e-01
2.109143620345999892e+00,6.294826790064999678e+00
3.317625098697999930e-01,2.624652859244999803e+00
4.985794991090999329e-01,3.990702012254999875e+00
2.351657219169000168e+00,6.274962866464999678e+00
1.903353655245000109e+00,5.579481347755000264e+00
-5.791007957008000862e-01,6.609548384730000059e+00
3.873305780137000109e+00,-1.365382543324999975e-01
3.582959300095999833e+00,6.318514803146999981e+00
2.724040838967000333e+00,6.062819342877999951e+00
2.090189454147999726e+00,5.603937739851000188e+00
2.569671197439999943e+00,5.773091025975999990e+00
2.410822861118000038e+00,5.156312310431999890e+00
3.208174421038000101e+00,7.957142890641000221e-02
5.264064749757999984e+00,5.370454147227999853e-01
4.164112202024000453e+00,5.562927377117999894e-01
2.503011426825000107e+00,5.013042057758999803e+00
2.100969226690000191e+00,6.187471881598000323e+00
4.238159198582999387e+00,1.006356393521000037e+00
1.922111693289000112e+00,4.669743142215000198e+00
9.114198995120998958e-01,5.173916704250999921e+00
8.630556289853000829e-01,5.620782810144000052e+00
2.209479806735000107e+00,5.035726338291000026e+00
3.902171296744999740e+00,-1.351475793185999974e-01
2.893510353769000343e+00,-5.801586302925999528e-01
2.787859423565999695e+00,-7.759233407611998423e-01
3.662752980540999737e+00,4.095246851923999842e-01
5.285612127774999891e+00,2.143103299242000048e+00
3.518688448738999774e+00,3.262365494910000052e-01
4.582609195337999375e-01,3.224370614584000094e+00
3.214015651675000029e+00,-1.396252324066000083e+00
-1.341982335281000083e+00,3.287553108554000403e+00
3.037314604886999891e+00,6.856791913129999472e+00
5.266230905410000496e+00,7.692652514641999950e-01
3.145027627594000119e+00,-9.153265703239999995e-01
5.052311146037999912e+00,6.450352926942000131e-01
8.540154628813999560e-01,6.096225084271999606e+00
2.579747140545000317e+00,-7.757399681473999831e-01
6.380860402716000135e-02,4.434764501171000184e+00
6.880561942333001113e-01,3.637184430184999595e+00
4.853087335325000140e+00,1.356620828628999798e+00
3.251596653313999941e+00,-1.809597535792999867e+00
1.949722825193000109e+00,5.936485965461000269e+00
5.227235987383999749e+00,1.824049756155999846e+00
3.709293519240000059e-01,4.159497126904000197e+00
6.631957742876000594e+00,2.831676083952000322e+00
4.722999344942000022e+00,-1.371006538336000113e-01
4.533656389979999979e+00,-8.440525342093999628e-01
1.352549975941999882e+00,5.360063976452000389e+00
1.373434028846999944e+00,4.504596195840999684e+00
4.084284478452000045e+00,1.526947102258000122e+00
6.432503452807999622e+00,1.977058951146999810e+00
2.890808714305999949e+00,-3.486614351062999884e-01
4.446948605440000257e+00,1.119745141712999992e+00
4.905502459972000295e+00,4.831322412876999928e-01
3.993772737021999752e+00,1.218088512187999850e+00
5.086967569476000151e+00,9.500001714494999971e-01
1.993272461160000009e-01,5.282252100875999723e+00
4.867390672251000083e+00,1.862777816414999954e-01
4.924710641100999986e+00,9.313463727345000498e-01
5.588413586791000753e+00,1.444386497224000143e+00
2.008942855819999984e+00,4.903972670335999595e+00
2.181220582626000049e+00,5.786135682425999960e+00
3.171587708944000106e+00,-5.742883143518999756e-01
5.783279365391000404e+00,1.520560415087000239e+00
3.783857447803000262e+00,-4.860334831529000144e-01
2.138474164108000064e+00,4.827939659184999677e+00
6.147931665011999947e+00,1.355430916671999997e+00
1.510911178463000049e+00,5.960796027003000042e+00
6.377161010923000362e+00,2.503443701105000141e+00
2.143573132128000047e+00,5.339208995849999972e+00
-5.641106836170999284e-01,2.983249446464999899e+00
2.212651758749999864e+00,4.891168892747000285e+00
3.495080123714000120e+00,-1.011707935008999970e-02
5.671451373732999457e+00,1.282044256028999962e+00
4.367784974550000143e+00,5.294469823013000509e-01
1.273528814515000052e-01,3.150955639785000262e+00
1.195544199355000003e+00,-2.470102125433999873e+00
2.690311904470000126e+00,4.479990726465000073e+00
2.871071180902000197e+00,5.982199245137000077e+00
8.892366719280000442e-01,5.245315796043000134e+00
1.287963669685999957e+00,6.758629844096000205e+00
-1.015637735966000155e-01,3.987794960153999924e+00
6.069794219344000208e-01,5.032906696993999951e+00
2.238608102921999965e+00,5.409473966280000212e+00
2.216720273526000096e+00,6.301977218538000969e+00
3.340072631510000445e+00,2.604346963623999645e-01
1.794727367928000028e+00,5.400472448902000622e+00
3.888446404789999811e+00,1.953960017447000097e-01
5.493601162582000264e+00,1.399159365022999868e+00
3.613123298584000054e+00,1.094636954218000113e+00
5.459397209328000322e+00,1.850024030719000123e+00
5.507436472971999564e+00,-3.106616757470999635e-01
4.450549169031999597e+00,2.098748353536000200e-01
1.542631987420999939e+00,4.525228416424000422e+00
2.058509781441999920e+00,5.560309092234000161e+00
8.522397578628999881e-02,4.003500886690999572e+00
2.386920059498000235e+00,-7.089972756663000253e-02
3.147303166186000034e+00,-5.843684223278999834e-01
1.745158925537999783e+00,4.916537822973999994e+00
4.819235460017999628e+00,-4.669396006399000321e-01
3.797611793547000403e+00,-4.939841627329999985e-01
1.291542968184999918e+00,4.086206461574000137e+00
1.375880548666999825e+00,4.606354971816999821e+00
1.491632792795000162e+00,5.001757712095999509e+00
4.833459373573999684e+00,1.545275023847000107e+00
-9.576720869164000449e-01,2.940021250207999870e+00
3.503265183788999870e+00,5.715213066240999673e+00
1.556414832405999871e+00,4.391823547311000553e+00
4.648287425954999996e+00,-5.711355047565999099e-01
4.585568431179000704e-01,5.426609965348999864e+00
1.173714002774000065e+00,5.032118513499000301e+00
7.885256768110999737e-01,3.755934104110000060e+00
1.376850305620999970e+00,4.403334601465999754e+00
3.352744813933000056e+00,6.472466776192999927e-01
5.821346012725000740e+00,1.201664619231999964e+00
4.792857114978000155e+00,-1.034207002590000091e+00
3.932042265781000356e+00,-8.593343522983001304e-01
1.733974300422000070e+00,6.182316922058999964e+00
-2.382942864217000023e-01,4.394549270849000600e+00
3.552718773972999955e+00,-3.538844550429000035e-01
5.444401694511999956e-01,4.468948010621000222e+00
6.908817624987999562e-01,4.296618367480999900e+00
5.540217527261999564e+00,2.777688349817999947e-01
4.652367598021999839e+00,-2.794048839305999787e-01
4.372196284146999901e+00,4.260336964799000259e-01
5.747060259699000362e+00,1.733577877010000101e+00
3.835684703469000034e+00,6.654073833700000051e+00
1.711903269555999918e+00,5.857378617728000059e+00
2.279081946713000129e+00,4.802967913228999741e+00
4.049183979583999893e+00,8.446411625608000184e-01
2.074260852702000335e+00,5.692027123857999804e+00
3.046884609357999874e-01,4.429522578591999604e+00
6.079665087128000245e+00,1.126650833648999983e+00
1.588563032539999975e+00,5.192723415475999360e+00
7.425467431476999725e-01,3.687511172692999661e+00
3.606708910148999359e-02,4.903756583788999812e+00
7.942963115663000950e-01,5.259769031864999889e+00
6.082478338767999482e+00,1.234857247095999977e+00
2.000900656739999839e+00,6.300110079089000337e+00
2.752442679737999942e+00,-9.780570871150999768e-01
-3.268892740007000031e-01,3.591635251388000327e+00
-3.990320884397000056e-01,2.898797482473000287e+00
5.117462006487000004e+00,7.408694085781999394e-01
2.670013413601999730e+00,6.698025737710000094e+00
1.807323976419999978e+00,4.834920994920000048e+00
1.387149898689999938e+00,5.265053637322000490e+00
1.593412229693999871e+00,4.841040441896000246e+00
4.908925183712999463e+00,1.209449053217999948e-01
4.323162930481999844e+00,8.097029818625000042e-01
3.408091223031000094e+00,-7.716771816445000542e-01
2.904602815659999671e+00,2.085169642284999750e-02
4.106615251052000204e+00,-7.232779161430999970e-01
4.610226503908999796e+00,1.430120676906999844e+00
2.573901185987999884e+00,-6.181676466700000150e-01
8.320190031986000045e-01,4.418974414801000172e+00
3.058823869482000024e+00,-2.102703479930999819e+00
4.563233293118000411e+00,-7.706770491926999700e-01
-4.071318010655999853e-01,3.626474274031000089e+00
4.439998606355000099e+00,1.343639836207999982e+00
1.856406942603000099e+00,6.589990757912000063e+00
5.013999199172999965e+00,1.810290416067000141e+00
5.751431325907000236e+00,5.998046355731999624e-01
3.851769239573000103e+00,9.134324567474000345e-01
3.212957527189000295e+00,-2.549070395442999959e-01
1.879643988982999891e+00,4.818448908977000400e+00
4.964271856244000247e+00,5.821904525575000156e-01
5.854596344897999849e+00,1.837440094720999895e+00
3.723251580676000039e+00,1.024737452275000127e+00
4.303438287028999554e+00,5.476022814541999795e-01
3.398168032691000207e+00,5.080559474824999810e+00
4.093469297778000282e+00,1.004693053116000101e+00
5.354025017146999410e+00,1.176567104418999865e-01
5.521985536700000363e-01,4.147618065612999949e+00
5.704716725535000421e+00,1.969475174808999807e+00
3.569726467294999761e+00,-7.481858538249999135e-01
5.385181943384000469e+00,2.079779192739999782e+00
1.485452165355999998e+00,5.674172699535000142e+00
5.449068581744000106e+00,-1.004493602162000038e-01
4.675004038242000171e+00,-2.008524289741000224e-01
1.330295609838999971e+00,5.876205708678000406e+00
4.029308297520000082e+00,6.732563980536998560e-01
5.743303830132000520e+00,1.689337369566999980e+00
5.957994626211999822e-01,5.285404804598000439e+00
5.132666609599000118e+00,6.933451284496000566e-01
6.037372460213999759e+00,1.264074880277000101e+00
4.120559480173000111e+00,-6.244214594125999662e-01
8.487522788989999567e-01,3.698606837336999575e+00
1.324760997619999880e+00,4.403601111909999588e+00
-3.578924333187999407e-01,3.419250608752999909e+00
3.070344337339000251e+00,5.925176263480000927e+00
1.230503859970999869e+00,4.704925555373000279e+00
9.770616606186999231e-01,4.835598710961999558e+00
4.674400562924000191e+00,-7.029987123556999951e-01
3.748627409346000139e+00,-8.037896140603999484e-01
4.638745524528999908e+00,1.272133622010000131e+00
4.996852946316000299e+00,2.039472045446999893e+00
1.491723384410000186e+00,4.890038635041999981e+00
4.899206943234999834e+00,9.462075146815000781e-02
1.729115656904999909e+00,5.632297772402000469e+00
1.285279362974000028e+00,4.791530951740999633e+00
5.267898989703000190e+00,1.778179943230999926e+00
3.381647888314999850e+00,5.883630547641999442e+00
4.471659642908999643e+00,-1.800133927259000011e-01
3.264393736573000027e+00,-9.187537971367999434e-01
1.643910620855000060e+00,5.476326301052999668e+00
4.870819455932999809e+00,1.290278248653000004e+00
3.740704478529000454e+00,7.417484495726999194e-01
5.338279807155999812e+00,1.268882461300000042e+00
6.541776151038999565e+00,1.764261727082000020e+00
5.936100066287000487e+00,2.043439268735999903e+00
-1.156883230862000012e-01,5.133895786835999786e+00
3.933047340795999602e+00,1.035987554657000098e+00
3.704995503421000258e+00,-3.194641775745999945e-01
3.527368832093999984e+00,-3.298508189045000205e-01
5.729410131065000300e+00,2.410099143385000087e+00
4.221638494958000365e+00,2.455309384330000011e-01
2.908695659089999719e+00,-2.643449400362000157e-01
1.494175569720000096e+00,4.992535751945999856e+00
3.848992179775000189e+00,-8.868431021934999325e-01
1.416597871150000021e+00,5.565929051609000311e+00
4.495130855122000391e+00,-1.798097113977000228e-01
2.747349046208000356e+00,5.715620643144999846e+00
5.248874990000000018e+00,9.469490954095000079e-01
1.062623988856999935e+00,4.743628601869999351e+00
5.073328936541000367e+00,1.359731487220999790e+00
2.782497929190000274e+00,5.539349464938000622e+00
1.751786125351000090e+00,5.613381797826999531e+00
4.323908695084999643e+00,8.983208517019000139e-01
4.579402644568999925e+00,1.665481349864999849e+00
2.084809142581999897e+00,6.061921738166999418e+00
4.753715546352999866e+00,6.497850817647999877e-01
-1.821557105887999795e-01,4.942843176073999700e+00
4.290727529093000037e+00,8.502947503676000496e-01
7.545201273714000401e+00,3.768250171567999907e+00
1.633409982161000001e-02,4.872921803065999313e+00
4.479217714857999799e-01,4.411911274459000332e+00
1.948830282937999980e+00,5.264699067090999662e+00
8.562562440449000833e-01,4.078971060423000061e+00
6.350736833993000374e-01,4.012306312915999484e+00
2.222206439154000179e+00,6.366725747579000227e+00
5.437159356775000063e+00,1.779392948490999826e+00
4.433946518672999382e+00,1.478160658626999746e+00
-1.018714931113999939e-01,3.022142467347000316e+00
1.144017606312000002e+00,5.274376657648000233e+00
5.167155294901999429e-01,6.103204582262000244e+00
2.038817152267999866e+00,-2.259777452639000206e+00
3.474624631588000057e+00,-7.889275422528999604e-01
-1.153758987631000044e-01,4.652883606510000547e+00
5.680551203323000453e-02,5.172840527002999345e+00
1.697761414550000181e+00,4.482308892027000446e+00
1.275663167433999934e-01,4.773474260526000101e+00
2.087512690550000105e+00,4.817230490374000418e+00
3.686145821111000309e+00,1.998136316267999923e-01
3.192905435515999812e+00,-1.346020210338000123e+00
1.423649249817000140e+00,5.392426001239000399e+00
5.009065366445000222e+00,1.089609422249999904e+00
3.594484990245000233e+00,1.325716350195000004e+00
5.144828689201999872e+00,-1.146391629023000014e-01
5.262233459161000049e+00,1.425936402328000119e+00
-3.408282161086999967e-02,4.559617244756999810e+00
5.410615258105000436e+00,8.555454053931998981e-01
3.452643758878999769e+00,4.305765364245999760e-01
4.364126156378000054e+00,-8.096290764951999952e-01
5.576102051310000363e+00,1.310705850640000003e+00
5.177058978482000029e+00,1.128102389346000045e+00
4.200969957275000333e+00,1.367925447454999832e-01
4.370402615115000167e+00,4.511837987677999595e-01
3.737651310617999822e+00,3.170043898698999829e-01
4.391643105275999659e+00,1.302891502962999937e+00
4.513917449521000158e+00,6.930136103888000498e-01
4.936863785953999439e+00,8.620990810176000219e-01
5.908492194628000682e+00,9.173257392085999440e-01
4.769231914281999885e+00,1.398982992674000059e+00
1.525592761696999977e+00,5.129998584401000095e+00
2.097818718232999924e+00,5.563110364391000040e+00
2.419187822765000162e-01,3.939138970953000030e+00
1.966803320449000081e+00,5.455371531211999248e+00
4.017036797074000631e+00,5.379304292452999903e-01
6.248663516516000271e+00,8.164478451043001295e-01
2.667100942170999911e+00,-1.149518861878000120e+00
2.365851990816000061e+00,4.869799954160000333e+00
5.826202412615000270e+00,2.182350812266999895e+00
1.609200764492999980e+00,5.192090967778000277e+00
5.493567175240000600e-01,3.748170894024999811e+00
3.694391451591000131e+00,-3.997803727342999491e-01
3.041506867502999922e-01,4.724238028228000097e+00
5.909046015283000663e+00,2.595356835500000070e+00
-4.616950006725999978e-01,4.347172859759999675e+00
6.272537728198001039e-01,4.631714737964999884e+00
2.858652041848000369e+00,6.305269036257000081e+00
-6.391680042434999542e-01,3.923480168661999556e+00
3.686135327210999790e+00,1.084536397811000086e-01
4.901677489688999856e+00,2.819241947444999785e-01
-1.427171743199999954e+00,3.488765478733999892e+00
3.097846482565000059e+00,-1.171997269657000018e+00
5.297379558111000364e+00,9.033356529104000776e-01
4.404695952986999785e+00,-1.069720098711999939e-01
4.277263070806999856e+00,1.316350170460000024e+00
4.550796798267000121e+00,9.755314982689000658e-01
5.213431522557000264e+00,1.180248732332999984e+00
3.848356116340000188e+00,-3.585946997415000448e-01
3.582497483458999987e+00,-4.664336813452999997e-01
4.735960881420999691e+00,9.954046957129000228e-01
5.466768425521999930e+00,3.662434048925999330e-01
6.533157462956000749e+00,1.569566796911000095e+00
1.618134397523000034e+00,4.566005179788000135e+00
2.434277628984999886e+00,5.770547417792999845e+00
3.166638701908000009e+00,4.409486565940999858e-01
5.574353801237000638e+00,6.801771665888001195e-01
3.969874495996000174e+00,-9.946918304151000090e-01
5.391992489617999595e+00,6.724595168275000479e-01
3.233857845490999861e+00,-2.249273439098999905e-01
4.160852067389000375e+00,2.450919614458000051e-01
3.932611914661999997e+00,-8.476993595214999955e-01
5.318438886843000368e+00,9.616384352862999974e-01
4.466794242751999988e+00,7.324411273615999418e-01
7.293429473464999591e-01,4.411248839796000354e+00
4.089243858640000617e+00,7.342862691549999488e-01
3.320021448687999754e+00,-1.427866785531000104e-01
1.121417773601000034e+00,5.668682743549999792e+00
2.244025795365999887e+00,4.864591808572000353e+00
5.501310316568000403e+00,2.703805150209999918e-03
5.166451121995000229e+00,5.594695581539000928e-01
3.592258395202999832e+00,6.640495831833000295e+00
3.037446009518999901e+00,-9.388031969859998993e-01
4.669461866416000362e+00,-6.838425996533000761e-01
3.574971332516000189e+00,-2.250001677163999958e-01
1.767057867353999834e+00,3.540867316898999917e+00
6.151052415431999876e+00,1.969255656170999957e+00
4.463081212699000488e+00,-5.851980713633999631e-01
5.480612359580999460e+00,1.806148066248000061e+00
4.433831462934000101e+00,1.226452793371000105e-01
3.707937334616000058e+00,1.644222099767000067e+00
5.814490066153999770e+00,1.231684674347999886e+00
1.161013134844000039e+00,3.693428393324000414e+00
4.588180631480000216e+00,-3.165597285807000283e-01
3.920489023899999648e+00,4.950285128323000272e+00
4.803327071487999866e+00,3.854829008003000101e-01
6.593451623533999495e+00,2.381216762474999804e+00
3.218295669236999945e+00,3.856892843230000367e-02
3.521615624498999786e+00,1.887539165392999874e-02
2.189612071922999892e+00,6.170502078239000099e+00
3.869219807494000296e+00,2.310937450508999957e-01
2.688062865572999893e+00,5.341217520975999555e+00
5.605050774612999831e+00,1.182045177113000056e+00
4.341980693011999293e+00,-7.772906394605000324e-01
5.114552318716000023e+00,1.830202024040999964e+00
4.662650420025999942e+00,1.656745441273999864e-01
1.149479806879999844e+00,4.225832018011000280e+00
1.725088520801999925e+00,6.079840006688000287e+00
1.523643397037000025e+00,5.607135908301999372e+00
4.703164055584999836e+00,5.660857494828001046e-01
2.176757543581000043e+00,4.908047716327000209e+00
4.974364805072999829e+00,1.361373846798999976e+00
-3.876610508459000237e-01,3.513132180124999948e+00
3.340096309603999725e+00,5.306641280892999690e-01
1.839379225135999940e+00,4.119239813635999781e+00
-7.554689141823999199e-01,2.894929616842000009e+00
9.418731875030000866e-01,4.840707304858999471e+00
5.745521986480000010e+00,1.962201196566999872e+00
6.116095964652999761e+00,2.291922404436999905e+00
4.212258580701000454e+00,8.387382750666999565e-01
3.003369979228000197e+00,5.319120871551000107e+00
5.508172305902999888e+00,1.246135630558999896e+00
1.379888126901000156e+00,4.095098696094999546e+00
4.084095501904999814e+00,1.138638860876999948e+00
5.567823334476998953e-01,4.812718682307999707e+00
2.256079090512999930e+00,5.015720762048999859e+00
8.816011994151998765e-01,3.204508796439999863e+00
-1.866469163037999882e-02,4.465167250256000031e+00
1.428351566734999967e+00,5.074480553771000046e+00
5.815937969364000537e+00,8.726778708963001119e-02
2.429425418560999805e+00,5.261092945611999916e+00
1.784511237215000046e+00,5.646386097756999511e+00
1.861564629568000173e+00,4.397794694215999556e+00
5.065475896588000460e+00,-4.123625634318000416e-02
5.051931297659000286e+00,1.446208076259999808e+00
3.551209604360999972e+00,-3.890347127668000171e-01
5.286252669340000487e+00,9.327560892860999875e-01
3.389646755777000031e+00,1.820809668921000046e+00
1.135269402127999872e+00,4.597699778435000439e+00
4.804646304510999499e+00,1.649428593714999947e+00
3.671818534980999971e+00,5.312333319704999335e-01
5.278299412875999685e+00,3.370544314504999583e-01
1.972805304955999928e+00,6.233105077215000733e+00
5.470941041089999457e-01,3.271560982695999709e+00
3.426443591844999581e+00,-7.451544200443001031e-01
3.552759683597999985e+00,7.210238256603000551e+00
3.741729674134000039e+00,-5.641751554348000131e-01
4.116142191529999828e+00,1.520579672707999874e+00
6.714204786222000010e+00,1.748193396547000011e+00
5.305312481007000258e+00,6.456923527640999749e-01
2.343700684219999886e+00,5.344818007275999427e+00
3.384053765847999884e+00,6.038281558906999358e-01
5.096228697535999608e+00,1.247329159601999971e+00
5.343478198421999892e+00,6.661099400018000161e-01
-2.194152793576000047e-03,2.560513343588000090e+00
-2.717796194268999876e-01,3.107374303327999687e+00
1.890071659234999757e-01,4.848628300346999431e+00
4.531621500397999824e+00,9.947453590033998594e-02
2.918540583656000109e+00,5.921288571344000218e+00
3.387699130278999604e+00,-5.160049626845000237e-01
5.699953189838999457e+00,3.721114888113000174e-01
2.323057102123966988e+00,3.570424502190876925e+00
2.769201274279288416e+00,4.047216400931715974e+00
2.743752455108259714e+00,3.258349923536983717e+00
2.774382995090483028e+00,1.807676282418891445e+00
3.763656402242819166e+00,3.271379005890693747e+00
2.762149883244891857e+00,3.060773446313089341e+00
3.307439343502861728e+00,2.326964381239183144e+00
3.565028303504515605e+00,1.392406024214856153e+00
3.305585717248548772e+00,1.438147531896963871e+00
3.488669187150915452e+00,2.838122675874644951e+00
3.077084319621214537e+00,1.710097573172342456e+00
2.512231317528986985e+00,3.633314496477172195e+00
3.223235917086279212e+00,1.772585635618197930e+00
1.836261389658815579e+00,2.882557089026767549e+00
3.445063065053671991e+00,3.516826567692414418e+00
1.868305788729379024e+00,3.080492257249553223e+00
2.557677017432863575e+00,3.139341419570718106e+00
4.397696317295416435e+00,2.914578580197185076e+00
3.245214285317261194e+00,3.263449984351025179e+00
3.114517511689621543e+00,2.512189681222129600e+00
4.364652716687762890e+00,2.805466296244560898e+00
4.059083481482572253e+00,1.893206128749204575e+00
2.927388637863804988e+00,1.384692074449181964e+00
3.273560210617751931e+00,2.813808040920117381e+00
2.601857316213359361e+00,2.444549919817071704e+00
3.784677229000358523e+00,1.898575320585915716e+00
3.663492375301784509e+00,3.917297069084122896e+00
2.530867294023578573e+00,1.829357220528356587e+00
3.842362131940831205e+00,2.397920679516600817e+00
2.001328828365652512e+00,3.088167432478041707e+00
2.712805072812134455e+00,4.116092285125128036e+00
4.239209055235706458e+00,2.755225964081802648e+00
4.373976411332064274e+00,3.205308988761340405e+00
2.782509723742508267e+00,1.682984592554659375e+00
2.652901151852494976e+00,3.789950541408678930e+00
3.853041301878859404e+00,3.598670567887204186e+00
3.189851774156645448e+00,3.223625875174403799e+00
1.648273548215116513e+00,3.011484710807196929e+00
3.448041898300896690e+00,2.541289349894667815e+00
4.113486657072957797e+00,2.236082538780356010e+00
4.008974188504485170e+00,2.641913913778735079e+00
2.466918939274627576e+00,3.364602793207329690e+00
2.036611735752790864e+00,3.452992604550015887e+00
3.231028075809866174e+00,2.880908975949350026e+00
2.468219640404262893e+00,1.897650010308273849e+00
3.040849140320908361e+00,2.023344607153755526e+00
4.128429335023144020e+00,1.913349808953700215e+00
2.098689639414368813e+00,1.927089934784783409e+00
2.798877585554981451e+00,1.770497159211325666e+00
2.205485613542353729e+00,2.493305594098198963e+00
3.188206332652722352e+00,2.204273484046697096e+00
4.079052220180271249e+00,2.265084550239200745e+00
2.901116902428886313e+00,1.528943483918787205e+00
2.990425007173671990e+00,4.106297085069925856e+00
2.922814880497127898e+00,1.358412852165698181e+00
3.547425227514834134e+00,2.517311946061898897e+00
1.868784616951205235e+00,3.640459147998948986e+00
2.652011520425698876e+00,1.392347409399254721e+00
3.105809661915958308e+00,1.916821254756153614e+00
2.503642813296198533e+00,2.938962332736615224e+00
2.383841412038718133e+00,1.654526815494102632e+00
2.546785237003734714e+00,3.759071975435387181e+00
2.171809941349676976e+00,2.201013236457497246e+00
3.624700672295064763e+00,2.019960768414245322e+00
3.091708288303935959e+00,4.215763122479546432e+00
2.211408172695925600e+00,3.410293571176457039e+00
2.247284062913422975e+00,3.236651121726622726e+00
1.887425291822495410e+00,2.468316089163152593e+00
4.044412838880992567e+00,2.633342551604568094e+00
3.139729099323774975e+00,1.542374823310344922e+00
3.225358367814877170e+00,3.074198257752062347e+00
3.951881461495376779e+00,3.109363100245912559e+00
3.473648314487532307e+00,2.216377598577070174e+00
4.071421471500386247e+00,3.685118561092195488e+00
2.941145773855684542e+00,2.385191406810453163e+00
3.578325892779280260e+00,3.090673705837183149e+00
4.118035294990916029e+00,3.682558893455960103e+00
3.864253094736151972e+00,2.166682767039771473e+00
3.191166782089791099e+00,3.978805271580706737e+00
2.984386752755337380e+00,2.070025986365342519e+00
3.541550236497992721e+00,3.325320919385978957e+00
3.157017279011377742e+00,3.112999868544081394e+00
2.642793552676474977e+00,3.169721296793782450e+00
2.458103427313225620e+00,3.917156016593486001e+00
3.366347049703906080e+00,2.359379502807113393e+00
2.127008654946295430e+00,1.567734004499714784e+00
4.000969895597102699e+00,2.761307694330185747e+00
2.182548369175171477e+00,2.921146427835995762e+00
3.248676659827705038e+00,3.056449677135276488e+00
2.304419560862175587e+00,2.773639099135523090e+00
3.339761531132673156e+00,3.709528870373000942e+00
2.187323962756676288e+00,3.928397280437429195e+00
4.470345935454478337e+00,2.697822300524442163e+00
3.578057600367590130e+00,2.128111087785683253e+00
1.956681349531291580e+00,1.829797506975079813e+00
3.774041002049473459e+00,1.555390377141051994e+00
2.736230762369584291e+00,2.031895594347671974e+00
3.084578967956783213e+00,3.985620472803256931e+00
2.950766388050083844e+00,2.168208217131545990e+00
1.908949898113841082e+00,2.304478289422934978e+00
2.491830841126036589e+00,3.651746727522465097e+00
3.166867658852070111e+00,3.262410499870807890e+00
3.506440528880450991e+00,1.715728583438786092e+00
2.942413673167130206e+00,2.791293694228605293e+00
3.903899664295500838e+00,3.670559061009522228e+00
2.521458591034218877e+00,2.669131679369164178e+00
1.756726823500882828e+00,3.016083522486410207e+00
2.982184914443081869e+00,2.341558910972622254e+00
3.149049743047082739e+00,1.561387934391062382e+00
4.419678021199811013e+00,2.812697724597810645e+00
3.227880993340038973e+00,4.183108958845750180e+00
3.233519356353400376e+00,4.093020692161666751e+00
3.648347064903833203e+00,3.430694338429431944e+00
3.111937675156847938e+00,3.085248149730092759e+00
3.530078628109249106e+00,2.413396409669505971e+00
3.193338285909739671e+00,3.809263393130807529e+00
3.622642031244124539e+00,2.155632797448405746e+00
2.915410663042968586e+00,3.759159825178405967e+00
2.318816829572559524e+00,1.948378002571094392e+00
2.003074371723789771e+00,3.437806749822813757e+00
4.236689825072480708e+00,3.210718658056701535e+00
2.562248707100752476e+00,2.447473975453722694e+00
2.106058677363274789e+00,2.253080044328160003e+00
2.330652604538480333e+00,2.809579289302488014e+00
3.342426574917505722e+00,2.422070445475485556e+00
2.695769839832668602e+00,2.233513529182687307e+00
1.968999856819513727e+00,3.114514367173057963e+00
4.070667156651958329e+00,1.827758600688011326e+00
3.225002136431192934e+00,3.251331783642863904e+00
4.180700628311188716e+00,3.553922705088836675e+00
2.992951789272593199e+00,2.855078867739026638e+00
2.621797041351030089e+00,3.841222788373197972e+00
2.153543497305262733e+00,2.930584364643299633e+00
3.319657835927861456e+00,1.790678628426021657e+00
1.882167773210797090e+00,2.400587691449054706e+00
2.823942728990431750e+00,3.517882810402436444e+00
2.565727114870327341e+00,3.216306343551356584e+00
2.341270436043506820e+00,1.748696205889495037e+00
3.565057750895030075e+00,2.116223361584483431e+00
2.670519621088130346e+00,2.440261634119406331e+00
3.705773028850181561e+00,2.893215456792164186e+00
2.544964082991811427e+00,1.698612108926206954e+00
3.576908300677853703e+00,3.900853200124366094e+00
3.593380905642401757e+00,1.664566522031996065e+00
2.598725243887793468e+00,1.823692938946853026e+00
1.829701768569391929e+00,2.883704549509369830e+00
2.990113558292438523e+00,3.721718471547870166e+00
2.324214198449565227e+00,3.226645361715889671e+00
1.713290910361814134e+00,2.076787695430078795e+00
4.239590611094910422e+00,2.073793928115540197e+00
3.180563790100567889e+00,1.554920742070003747e+00
2.255134425069074577e+00,2.155873976520510826e+00
3.323180606716618080e+00,2.058260796736052001e+00
4.429361357966815405e+00,2.861947701544385048e+00
3.937077638618415421e+00,1.967488392390615681e+00
3.790286331433086797e+00,3.946062133371045277e+00
2.519611683273172975e+00,2.421206414262007112e+00
1.671009406229621908e+00,2.092704306382043633e+00
3.968370568821665945e+00,3.020700902801151777e+00
4.150454510526252250e+00,2.109377966577762553e+00
3.397258475588504911e+00,2.049447245796632622e+00
1.650390605777709352e+00,2.403319984283000199e+00
4.157429267915384585e+00,3.295422625389338389e+00
3.428452137046028358e+00,3.806165885312985608e+00
2.258169809635828251e+00,2.236390614998043258e+00
1.773660322486370511e+00,2.529003774237388757e+00
3.755488913345602864e+00,2.206149888910379886e+00
2.236907241526938428e+00,2.451758486205300347e+00
3.736519861321740521e+00,3.537943663230115554e+00
3.461202345027803773e+00,3.212075290181818588e+00
3.568951198131667280e+00,1.505581210553117222e+00
3.650505492298847798e+00,3.800999089507651529e+00
3.504352634063106819e+00,3.408342593748010962e+00
3.190580699647545426e+00,3.364402500702022181e+00
4.344198342837946036e+00,2.699485323770086875e+00
1.963386650168282399e+00,1.753640657882872933e+00
4.167408781728572542e+00,2.364901627147901753e+00
4.204555127035164652e+00,2.601230201038608580e+00
2.443671957406379214e+00,2.258370635998465659e+00
3.510520402886720959e+00,4.094672121636396156e+00
3.694213577090277312e+00,2.392908073249071954e+00
2.436249730291608628e+00,3.627027366079548898e+00
4.216837768525247832e+00,2.127861164049595022e+00
3.002300181490174857e+00,1.994860221154637792e+00
3.134695889543966274e+00,1.545984508407936664e+00
2.475853554973182824e+00,2.121242569142310241e+00
3.288320308277234982e+00,1.748566338563175560e+00
2.326778949127453533e+00,3.584084298272200986e+00
4.396844325259827713e+00,2.537691979891651961e+00
3.005509308564588089e+00,1.622364639047761514e+00
4.053191403014000826e+00,1.971146939587348879e+00
3.732399322148429732e+00,3.906674544708217844e+00
2.902123857761377490e+00,2.871196271274310430e+00
3.670008764739196572e+00,4.088987388730605410e+00
1.862530396517633413e+00,3.127949090289207756e+00
2.377656703146358463e+00,1.884197019089371317e+00
2.975986776156433589e+00,3.515354925623936921e+00
3.371732961931685146e+00,3.072952286205236305e+00
4.353377040279701404e+00,2.348116757458624360e+00
3.311072596618044539e+00,4.115979731568510047e+00
3.553476151078274192e+00,3.901732969803558770e+00
2.497461557914149921e+00,1.692850010743599087e+00
2.837426554393503331e+00,2.147785386738759961e+00
2.594996244550565212e+00,2.485666616386102312e+00
2.911995351865193982e+00,1.469258090972231034e+00
1.752258134007066204e+00,3.516677954581508114e+00
2.192259499876628492e+00,1.697768713150812125e+00
3.208680526106284514e+00,2.757948422486831586e+00
1.883754212568933495e+00,2.961186546304386269e+00
3.601140039117923131e+00,2.036519785106685632e+00
3.195427720316081022e+00,3.495204322763405091e+00
1.714448833625844770e+00,3.135538174551684154e+00
4.199430028562471051e+00,3.574396184685611377e+00
3.799919829107230029e+00,1.953773881077142338e+00
3.308470569326257049e+00,2.790236126439919584e+00
3.711716088138984126e+00,1.655580361661226574e+00
3.774934135396279977e+00,2.110107452120624671e+00
3.056552359911444139e+00,3.291345104444150849e+00
3.911211946046546206e+00,3.563949420014901115e+00
3.136413448849981744e+00,4.215787351088185808e+00
3.985324829772247668e+00,1.852474502150449620e+00
3.947903639730689029e+00,2.786293148883388859e+00
2.059374098137064735e+00,1.610552212555564910e+00
2.593431330504095467e+00,3.024423476008993195e+00
1.665306042358071226e+00,3.031572224412053540e+00
2.726491637050147077e+00,1.561513641721469670e+00
2.114246165445790915e+00,2.178155705169237066e+00
4.110493821391697722e+00,2.853310866544642721e+00
2.393776002419223392e+00,2.030776726379886377e+00
1.999881622613615129e+00,2.086646174053701674e+00
2.275747689508776705e+00,3.616217116047293345e+00
3.414076460734729590e+00,1.484475699078938726e+00
2.438399381995062676e+00,2.977540296505945427e+00
3.817843153089923280e+00,3.056263158171024230e+00
4.235344100930099387e+00,2.284236221599043049e+00
2.046876691391260383e+00,1.642664990379304468e+00
1.860459361267116751e+00,3.222067948066520415e+00
3.859774319244447582e+00,3.085997583028806446e+00
2.185054970242118699e+00,3.144278750315825377e+00
3.529803971061631351e+00,1.561155007503642445e+00
3.479164803175907039e+00,2.505440374681162652e+00
2.442638077071566549e+00,1.775005262129082828e+00
2.840196663710111036e+00,2.526683627316777869e+00
3.707307169579412864e+00,2.253607257520128471e+00
2.521604169647934768e+00,2.843179375703195788e+00
1.977194157907532279e+00,2.793116552942362052e+00
2.735437706076385922e+00,3.958797051393871946e+00
3.806767922504992629e+00,3.055281382958271230e+00
3.172205884781313046e+00,3.798309014832152997e+00
2.474804567479308215e+00,1.721650756633408053e+00
2.670225155845324494e+00,2.722621062261835867e+00
2.337997553110079618e+00,2.830664796989232901e+00
3.134089540777998284e+00,2.107095136880164254e+00
2.259048842171059945e+00,2.710791588908433081e+00
3.856357773429888169e+00,3.340225773707681700e+00
2.423721873805237070e+00,3.161992863188916036e+00
2.583210287980127084e+00,3.851648873634465176e+00
2.539548781155708035e+00,2.989693574686929534e+00
2.095363274939343157e+00,2.840498898979746834e+00
3.966584037759582682e+00,1.988662525418161131e+00
4.193231344469374733e+00,3.388140805690769586e+00
2.388332454190616350e+00,2.434968781767377521e+00
4.003468616719315420e+00,2.530773958688933067e+00
3.437142258626684210e+00,3.660245497967347106e+00
3.758177232908938237e+00,1.479458040576129951e+00
2.602486635619404520e+00,3.972235104203180711e+00
4.127588522820095918e+00,3.608688918892493547e+00
2.389109710004743814e+00,1.537027868831057242e+00
4.300967545466446218e+00,2.625581627736742529e+00
2.313484986697250889e+00,2.271687204707514507e+00
1.622461960458624119e+00,2.569587413432201650e+00
1.853405377965502199e+00,2.967433574247531070e+00
1.717329432051439619e+00,2.621534927788817804e+00
2.531293137324299725e+00,1.565602526986468179e+00
1.702274483495415991e+00,2.424229900199111221e+00
3.041634177675831996e+00,4.128190017695080982e+00
2.962761332821237659e+00,3.200746905908094853e+00
2.458781839569002425e+00,2.622506385396176753e+00
1.995136810325382148e+00,3.108961357992620744e+00
3.266645053430869972e+00,1.311497917088767062e+00
2.100805533802405201e+00,2.083451981824652854e+00
3.441054276829396574e+00,2.963684193453638205e+00
3.074456556080825465e+00,3.094660963493437666e+00
3.830842272506546742e+00,2.605008071965411176e+00
3.004782342658315120e+00,4.240976261914973122e+00
1.650637734426526393e+00,2.655618995863739951e+00
1.760056109372981403e+00,1.906486894000697152e+00
3.015855103641002177e+00,1.488291415741074930e+00
3.026798708698051232e+00,2.161268623313396198e+00
2.440301801854462660e+00,2.030029771720538001e+00
2.278563844875400424e+00,1.518165782457552515e+00
2.890537192395091992e+00,4.023132635582132188e+00
2.414908513072359764e+00,1.817210677506940542e+00
2.113757531220981978e+00,1.562781618668467543e+00
2.721697832959540708e+00,3.296835850513000210e+00
2.741696581867309579e+00,2.155074443634290127e+00
4.059503213769627195e+00,3.415247198161271314e+00
2.387254646234574729e+00,4.006086227875933936e+00
3.403445305381457064e+00,1.747132378111931006e+00
2.284899923883567219e+00,2.479337405734777455e+00
2.478526020822888309e+00,2.469674715921718722e+00
1.752377018823621846e+00,3.018443340695048160e+00
1.887119041497875127e+00,3.558524782043313905e+00
3.492740675460373367e+00,1.822905924878270412e+00
2.024841409367690304e+00,2.755899832724343579e+00
3.690024641003388339e+00,3.868966936908630139e+00
4.195525100262665674e+00,3.646626294322694140e+00
3.639104388997161266e+00,3.969167252693527548e+00
2.801606994747367629e+00,1.374082335497272211e+00
2.898261118099547673e+00,3.454088510393415135e+00
3.537463752853547305e+00,3.012166559026002499e+00
2.716165673655480450e+00,1.842503483837168332e+00
2.113809932154535609e+00,3.596935098850426282e+00
4.244082002669972375e+00,2.139652713632475223e+00
1.821000287842999388e+00,2.016679666857770226e+00
2.060568820768116982e+00,2.808563960844716156e+00
3.461644527715095787e+00,3.947238292196015408e+00
2.226439136337051927e+00,3.446245520966595866e+00
2.711661905662271721e+00,2.172263251943375106e+00
2.511848841051802506e+00,2.394053598360609936e+00
2.433141470601159817e+00,1.728719398041891564e+00
1.658469364208207564e+00,2.519038855809077049e+00
2.859682222971482002e+00,2.388558734885328771e+00
2.535869332498020601e+00,2.035186799395492407e+00
2.833654821052916439e+00,3.213196244988091976e+00
2.887910102791841904e+00,1.749800785269087111e+00
2.743508860464453747e+00,1.619254177683204787e+00
3.260653480560231188e+00,2.225993131142422143e+00
4.120924497449155233e+00,2.937506938935944945e+00
2.075864734757147279e+00,3.588708409947295230e+00
1.882043214754362204e+00,2.223015235237397746e+00
4.079017145515543064e+00,2.727086856985076579e+00
3.120154555525808782e+00,2.297835858690105315e+00
2.600989823318515803e+00,1.772243475755090003e+00
2.038030696416204268e+00,2.420051683108638940e+00
